#,"Date Time, GMT-04:00","Temp, °C (LGR S/N: 21750055, SEN S/N: 21750055)"
1,10/8/2025 16:15,24.931
2,10/8/2025 16:30,24.931
3,10/8/2025 16:45,24.158
4,10/8/2025 17:00,23.773
5,10/8/2025 17:15,23.196
6,10/8/2025 17:30,22.717
7,10/8/2025 17:45,22.142
8,10/8/2025 18:00,21.664
9,10/8/2025 18:15,21.187
10,10/8/2025 18:30,20.71
11,10/8/2025 18:45,20.234
12,10/8/2025 19:00,19.758
13,10/8/2025 19:15,19.187
14,10/8/2025 19:30,18.711
15,10/8/2025 19:45,18.14
16,10/8/2025 20:00,17.665
17,10/8/2025 20:15,17.284
18,10/8/2025 20:30,16.999
19,10/8/2025 20:45,16.618
20,10/8/2025 21:00,16.332
21,10/8/2025 21:15,16.046
22,10/8/2025 21:30,15.855
23,10/8/2025 21:45,15.569
24,10/8/2025 22:00,15.282
25,10/8/2025 22:15,14.996
26,10/8/2025 22:30,14.709
27,10/8/2025 22:45,14.421
28,10/8/2025 23:00,14.134
29,10/8/2025 23:15,13.942
30,10/8/2025 23:30,13.654
31,10/8/2025 23:45,13.461
32,10/9/2025 0:00,13.173
33,10/9/2025 0:15,12.883
34,10/9/2025 0:30,12.497
35,10/9/2025 0:45,12.207
36,10/9/2025 1:00,11.916
37,10/9/2025 1:15,11.528
38,10/9/2025 1:30,11.139
39,10/9/2025 1:45,10.748
40,10/9/2025 2:00,10.357
41,10/9/2025 2:15,9.965
42,10/9/2025 2:30,9.669
43,10/9/2025 2:45,9.373
44,10/9/2025 3:00,9.176
45,10/9/2025 3:15,8.879
46,10/9/2025 3:30,8.581
47,10/9/2025 3:45,8.282
48,10/9/2025 4:00,8.082
49,10/9/2025 4:15,7.882
50,10/9/2025 4:30,7.682
51,10/9/2025 4:45,7.481
52,10/9/2025 5:00,7.28
53,10/9/2025 5:15,7.079
54,10/9/2025 5:30,6.877
55,10/9/2025 5:45,6.775
56,10/9/2025 6:00,6.674
57,10/9/2025 6:15,6.573
58,10/9/2025 6:30,6.471
59,10/9/2025 6:45,6.268
60,10/9/2025 7:00,6.166
61,10/9/2025 7:15,6.064
62,10/9/2025 7:30,5.962
63,10/9/2025 7:45,5.86
64,10/9/2025 8:00,5.757
65,10/9/2025 8:15,5.757
66,10/9/2025 8:30,5.86
67,10/9/2025 8:45,5.962
68,10/9/2025 9:00,6.166
69,10/9/2025 9:15,6.471
70,10/9/2025 9:30,6.775
71,10/9/2025 9:45,7.079
72,10/9/2025 10:00,7.381
73,10/9/2025 10:15,7.882
74,10/9/2025 10:30,8.382
75,10/9/2025 10:45,9.077
76,10/9/2025 11:00,9.866
77,10/9/2025 11:15,10.748
78,10/9/2025 11:30,11.625
79,10/9/2025 11:45,12.497
80,10/9/2025 12:00,13.461
81,10/9/2025 12:15,14.421
82,10/9/2025 12:30,15.378
83,10/9/2025 12:45,16.332
84,10/9/2025 13:00,17.379
85,10/9/2025 13:15,18.236
86,10/9/2025 13:30,18.996
87,10/9/2025 13:45,19.758
88,10/9/2025 14:00,20.424
89,10/9/2025 14:15,21.187
90,10/9/2025 14:30,21.855
91,10/9/2025 14:45,22.621
92,10/9/2025 15:00,23.196
93,10/9/2025 15:15,23.773
94,10/9/2025 15:30,24.158
95,10/9/2025 15:45,24.448
96,10/9/2025 16:00,24.545
97,10/9/2025 16:15,24.448
98,10/9/2025 16:30,24.062
99,10/9/2025 16:45,23.484
100,10/9/2025 17:00,23.1
101,10/9/2025 17:15,23.1
102,10/9/2025 17:30,23.196
103,10/9/2025 17:45,23.196
104,10/9/2025 18:00,23.004
105,10/9/2025 18:15,22.525
106,10/9/2025 18:30,21.951
107,10/9/2025 18:45,21.187
108,10/9/2025 19:00,20.329
109,10/9/2025 19:15,19.282
110,10/9/2025 19:30,18.236
111,10/9/2025 19:45,17.189
112,10/9/2025 20:00,16.141
113,10/9/2025 20:15,15.187
114,10/9/2025 20:30,14.23
115,10/9/2025 20:45,13.269
116,10/9/2025 21:00,12.401
117,10/9/2025 21:15,11.625
118,10/9/2025 21:30,10.944
119,10/9/2025 21:45,10.259
120,10/9/2025 22:00,9.571
121,10/9/2025 22:15,9.077
122,10/9/2025 22:30,8.481
123,10/9/2025 22:45,7.983
124,10/9/2025 23:00,7.582
125,10/9/2025 23:15,7.079
126,10/9/2025 23:30,6.674
127,10/9/2025 23:45,6.37
128,10/10/2025 0:00,5.962
129,10/10/2025 0:15,5.655
130,10/10/2025 0:30,5.347
131,10/10/2025 0:45,5.037
132,10/10/2025 1:00,4.727
133,10/10/2025 1:15,4.519
134,10/10/2025 1:30,4.207
135,10/10/2025 1:45,3.998
136,10/10/2025 2:00,3.788
137,10/10/2025 2:15,3.472
138,10/10/2025 2:30,3.261
139,10/10/2025 2:45,3.049
140,10/10/2025 3:00,2.837
141,10/10/2025 3:15,2.624
142,10/10/2025 3:30,2.517
143,10/10/2025 3:45,2.303
144,10/10/2025 4:00,2.195
145,10/10/2025 4:15,1.98
146,10/10/2025 4:30,1.872
147,10/10/2025 4:45,1.764
148,10/10/2025 5:00,1.548
149,10/10/2025 5:15,1.439
150,10/10/2025 5:30,1.33
151,10/10/2025 5:45,1.221
152,10/10/2025 6:00,1.112
153,10/10/2025 6:15,1.003
154,10/10/2025 6:30,0.784
155,10/10/2025 6:45,0.674
156,10/10/2025 7:00,0.453
157,10/10/2025 7:15,0.343
158,10/10/2025 7:30,0.232
159,10/10/2025 7:45,0.121
160,10/10/2025 8:00,0.121
161,10/10/2025 8:15,0.121
162,10/10/2025 8:30,0.232
163,10/10/2025 8:45,0.343
164,10/10/2025 9:00,0.674
165,10/10/2025 9:15,1.003
166,10/10/2025 9:30,1.548
167,10/10/2025 9:45,2.303
168,10/10/2025 10:00,3.155
169,10/10/2025 10:15,4.311
170,10/10/2025 10:30,5.552
171,10/10/2025 10:45,7.079
172,10/10/2025 11:00,8.779
173,10/10/2025 11:15,10.455
174,10/10/2025 11:30,12.207
175,10/10/2025 11:45,13.846
176,10/10/2025 12:00,15.282
177,10/10/2025 12:15,16.618
178,10/10/2025 12:30,17.76
179,10/10/2025 12:45,20.138
180,10/10/2025 13:00,21.282
181,10/10/2025 13:15,21.76
182,10/10/2025 13:30,22.238
183,10/10/2025 13:45,22.525
184,10/10/2025 14:00,22.812
185,10/10/2025 14:15,23.1
186,10/10/2025 14:30,23.388
187,10/10/2025 14:45,23.581
188,10/10/2025 15:00,23.869
189,10/10/2025 15:15,24.158
190,10/10/2025 15:30,24.158
191,10/10/2025 15:45,23.966
192,10/10/2025 16:00,23.581
193,10/10/2025 16:15,23.1
194,10/10/2025 16:30,22.525
195,10/10/2025 16:45,21.951
196,10/10/2025 17:00,21.378
197,10/10/2025 17:15,20.805
198,10/10/2025 17:30,20.519
199,10/10/2025 17:45,20.424
200,10/10/2025 18:00,20.424
201,10/10/2025 18:15,20.519
202,10/10/2025 18:30,20.615
203,10/10/2025 18:45,20.615
204,10/10/2025 19:00,20.615
205,10/10/2025 19:15,20.519
206,10/10/2025 19:30,20.424
207,10/10/2025 19:45,20.329
208,10/10/2025 20:00,20.234
209,10/10/2025 20:15,20.138
210,10/10/2025 20:30,19.948
211,10/10/2025 20:45,19.662
212,10/10/2025 21:00,19.282
213,10/10/2025 21:15,18.806
214,10/10/2025 21:30,18.426
215,10/10/2025 21:45,17.95
216,10/10/2025 22:00,17.379
217,10/10/2025 22:15,16.808
218,10/10/2025 22:30,16.237
219,10/10/2025 22:45,15.569
220,10/10/2025 23:00,14.996
221,10/10/2025 23:15,14.421
222,10/10/2025 23:30,13.942
223,10/10/2025 23:45,13.365
224,10/11/2025 0:00,12.883
225,10/11/2025 0:15,12.401
226,10/11/2025 0:30,12.013
227,10/11/2025 0:45,11.625
228,10/11/2025 1:00,11.334
229,10/11/2025 1:15,11.041
230,10/11/2025 1:30,10.748
231,10/11/2025 1:45,10.455
232,10/11/2025 2:00,10.161
233,10/11/2025 2:15,9.866
234,10/11/2025 2:30,9.571
235,10/11/2025 2:45,9.373
236,10/11/2025 3:00,9.176
237,10/11/2025 3:15,8.978
238,10/11/2025 3:30,8.779
239,10/11/2025 3:45,8.779
240,10/11/2025 4:00,8.68
241,10/11/2025 4:15,8.581
242,10/11/2025 4:30,8.581
243,10/11/2025 4:45,8.481
244,10/11/2025 5:00,8.481
245,10/11/2025 5:15,8.481
246,10/11/2025 5:30,8.481
247,10/11/2025 5:45,8.581
248,10/11/2025 6:00,8.581
249,10/11/2025 6:15,8.68
250,10/11/2025 6:30,8.68
251,10/11/2025 6:45,8.779
252,10/11/2025 7:00,8.879
253,10/11/2025 7:15,8.978
254,10/11/2025 7:30,9.077
255,10/11/2025 7:45,9.176
256,10/11/2025 8:00,9.275
257,10/11/2025 8:15,9.373
258,10/11/2025 8:30,9.472
259,10/11/2025 8:45,9.669
260,10/11/2025 9:00,9.866
261,10/11/2025 9:15,10.063
262,10/11/2025 9:30,10.357
263,10/11/2025 9:45,10.651
264,10/11/2025 10:00,10.944
265,10/11/2025 10:15,11.139
266,10/11/2025 10:30,11.431
267,10/11/2025 10:45,11.625
268,10/11/2025 11:00,11.916
269,10/11/2025 11:15,12.207
270,10/11/2025 11:30,12.497
271,10/11/2025 11:45,12.787
272,10/11/2025 12:00,13.173
273,10/11/2025 12:15,13.461
274,10/11/2025 12:30,13.846
275,10/11/2025 12:45,14.325
276,10/11/2025 13:00,14.9
277,10/11/2025 13:15,15.569
278,10/11/2025 13:30,16.237
279,10/11/2025 13:45,16.808
280,10/11/2025 14:00,17.284
281,10/11/2025 14:15,17.57
282,10/11/2025 14:30,17.76
283,10/11/2025 14:45,17.855
284,10/11/2025 15:00,17.855
285,10/11/2025 15:15,18.045
286,10/11/2025 15:30,18.14
287,10/11/2025 15:45,18.236
288,10/11/2025 16:00,18.331
289,10/11/2025 16:15,18.426
290,10/11/2025 16:30,18.521
291,10/11/2025 16:45,18.521
292,10/11/2025 17:00,18.521
293,10/11/2025 17:15,18.521
294,10/11/2025 17:30,18.426
295,10/11/2025 17:45,18.331
296,10/11/2025 18:00,18.14
297,10/11/2025 18:15,17.95
298,10/11/2025 18:30,17.855
299,10/11/2025 18:45,17.665
300,10/11/2025 19:00,17.76
301,10/11/2025 19:15,17.855
302,10/11/2025 19:30,18.045
303,10/11/2025 19:45,18.331
304,10/11/2025 20:00,18.521
305,10/11/2025 20:15,18.616
306,10/11/2025 20:30,18.616
307,10/11/2025 20:45,18.521
308,10/11/2025 21:00,18.426
309,10/11/2025 21:15,18.236
310,10/11/2025 21:30,18.045
311,10/11/2025 21:45,17.95
312,10/11/2025 22:00,17.855
313,10/11/2025 22:15,17.665
314,10/11/2025 22:30,17.57
315,10/11/2025 22:45,17.475
316,10/11/2025 23:00,17.379
317,10/11/2025 23:15,17.284
318,10/11/2025 23:30,17.094
319,10/11/2025 23:45,16.999
320,10/12/2025 0:00,16.903
321,10/12/2025 0:15,16.808
322,10/12/2025 0:30,16.713
323,10/12/2025 0:45,16.618
324,10/12/2025 1:00,16.523
325,10/12/2025 1:15,16.523
326,10/12/2025 1:30,16.618
327,10/12/2025 1:45,16.523
328,10/12/2025 2:00,16.523
329,10/12/2025 2:15,16.523
330,10/12/2025 2:30,16.427
331,10/12/2025 2:45,16.332
332,10/12/2025 3:00,16.332
333,10/12/2025 3:15,16.237
334,10/12/2025 3:30,16.141
335,10/12/2025 3:45,15.951
336,10/12/2025 4:00,15.855
337,10/12/2025 4:15,15.664
338,10/12/2025 4:30,15.569
339,10/12/2025 4:45,15.473
340,10/12/2025 5:00,15.282
341,10/12/2025 5:15,15.187
342,10/12/2025 5:30,14.996
343,10/12/2025 5:45,14.9
344,10/12/2025 6:00,14.804
345,10/12/2025 6:15,14.613
346,10/12/2025 6:30,14.517
347,10/12/2025 6:45,14.421
348,10/12/2025 7:00,14.421
349,10/12/2025 7:15,14.325
350,10/12/2025 7:30,14.325
351,10/12/2025 7:45,14.23
352,10/12/2025 8:00,14.23
353,10/12/2025 8:15,14.23
354,10/12/2025 8:30,14.134
355,10/12/2025 8:45,14.134
356,10/12/2025 9:00,14.23
357,10/12/2025 9:15,14.23
358,10/12/2025 9:30,14.325
359,10/12/2025 9:45,14.421
360,10/12/2025 10:00,14.517
361,10/12/2025 10:15,14.613
362,10/12/2025 10:30,14.804
363,10/12/2025 10:45,14.9
364,10/12/2025 11:00,15.091
365,10/12/2025 11:15,15.282
366,10/12/2025 11:30,15.473
367,10/12/2025 11:45,15.76
368,10/12/2025 12:00,15.951
369,10/12/2025 12:15,16.237
370,10/12/2025 12:30,16.523
371,10/12/2025 12:45,16.903
372,10/12/2025 13:00,17.189
373,10/12/2025 13:15,17.475
374,10/12/2025 13:30,17.665
375,10/12/2025 13:45,17.855
376,10/12/2025 14:00,18.045
377,10/12/2025 14:15,18.236
378,10/12/2025 14:30,18.331
379,10/12/2025 14:45,18.426
380,10/12/2025 15:00,18.521
381,10/12/2025 15:15,18.616
382,10/12/2025 15:30,18.806
383,10/12/2025 15:45,18.901
384,10/12/2025 16:00,19.092
385,10/12/2025 16:15,19.187
386,10/12/2025 16:30,19.187
387,10/12/2025 16:45,19.092
388,10/12/2025 17:00,18.806
389,10/12/2025 17:15,18.521
390,10/12/2025 17:30,18.14
391,10/12/2025 17:45,17.76
392,10/12/2025 18:00,17.284
393,10/12/2025 18:15,16.903
394,10/12/2025 18:30,16.523
395,10/12/2025 18:45,16.237
396,10/12/2025 19:00,15.855
397,10/12/2025 19:15,15.569
398,10/12/2025 19:30,15.282
399,10/12/2025 19:45,14.996
400,10/12/2025 20:00,14.804
401,10/12/2025 20:15,14.517
402,10/12/2025 20:30,14.325
403,10/12/2025 20:45,14.134
404,10/12/2025 21:00,14.038
405,10/12/2025 21:15,13.846
406,10/12/2025 21:30,13.75
407,10/12/2025 21:45,13.654
408,10/12/2025 22:00,13.558
409,10/12/2025 22:15,13.461
410,10/12/2025 22:30,13.365
411,10/12/2025 22:45,13.269
412,10/12/2025 23:00,13.269
413,10/12/2025 23:15,13.365
414,10/12/2025 23:30,13.461
415,10/12/2025 23:45,13.654
416,10/13/2025 0:00,13.75
417,10/13/2025 0:15,13.75
418,10/13/2025 0:30,13.75
419,10/13/2025 0:45,13.75
420,10/13/2025 1:00,13.654
421,10/13/2025 1:15,13.558
422,10/13/2025 1:30,13.558
423,10/13/2025 1:45,13.461
424,10/13/2025 2:00,13.461
425,10/13/2025 2:15,13.365
426,10/13/2025 2:30,13.365
427,10/13/2025 2:45,13.269
428,10/13/2025 3:00,13.269
429,10/13/2025 3:15,13.269
430,10/13/2025 3:30,13.173
431,10/13/2025 3:45,13.173
432,10/13/2025 4:00,13.173
433,10/13/2025 4:15,13.173
434,10/13/2025 4:30,13.076
435,10/13/2025 4:45,13.076
436,10/13/2025 5:00,13.076
437,10/13/2025 5:15,13.076
438,10/13/2025 5:30,12.98
439,10/13/2025 5:45,12.98
440,10/13/2025 6:00,12.98
441,10/13/2025 6:15,12.98
442,10/13/2025 6:30,12.883
443,10/13/2025 6:45,12.883
444,10/13/2025 7:00,12.883
445,10/13/2025 7:15,12.787
446,10/13/2025 7:30,12.787
447,10/13/2025 7:45,12.787
448,10/13/2025 8:00,12.69
449,10/13/2025 8:15,12.69
450,10/13/2025 8:30,12.69
451,10/13/2025 8:45,12.69
452,10/13/2025 9:00,12.594
453,10/13/2025 9:15,12.69
454,10/13/2025 9:30,12.69
455,10/13/2025 9:45,12.69
456,10/13/2025 10:00,12.787
457,10/13/2025 10:15,12.883
458,10/13/2025 10:30,12.883
459,10/13/2025 10:45,12.883
460,10/13/2025 11:00,12.98
461,10/13/2025 11:15,12.98
462,10/13/2025 11:30,13.076
463,10/13/2025 11:45,13.173
464,10/13/2025 12:00,13.269
465,10/13/2025 12:15,13.269
466,10/13/2025 12:30,13.461
467,10/13/2025 12:45,13.461
468,10/13/2025 13:00,13.558
469,10/13/2025 13:15,13.654
470,10/13/2025 13:30,13.654
471,10/13/2025 13:45,13.75
472,10/13/2025 14:00,13.75
473,10/13/2025 14:15,13.846
474,10/13/2025 14:30,13.942
475,10/13/2025 14:45,14.134
476,10/13/2025 15:00,14.325
477,10/13/2025 15:15,14.517
478,10/13/2025 15:30,14.709
479,10/13/2025 15:45,14.804
480,10/13/2025 16:00,14.996
481,10/13/2025 16:15,15.091
482,10/13/2025 16:30,15.091
483,10/13/2025 16:45,15.091
484,10/13/2025 17:00,15.091
485,10/13/2025 17:15,14.996
486,10/13/2025 17:30,15.091
487,10/13/2025 17:45,15.091
488,10/13/2025 18:00,15.091
489,10/13/2025 18:15,14.996
490,10/13/2025 18:30,14.9
491,10/13/2025 18:45,14.804
492,10/13/2025 19:00,14.613
493,10/13/2025 19:15,14.421
494,10/13/2025 19:30,14.421
495,10/13/2025 19:45,14.325
496,10/13/2025 20:00,14.23
497,10/13/2025 20:15,14.134
498,10/13/2025 20:30,14.134
499,10/13/2025 20:45,14.134
500,10/13/2025 21:00,14.038
501,10/13/2025 21:15,14.038
502,10/13/2025 21:30,13.942
503,10/13/2025 21:45,13.942
504,10/13/2025 22:00,14.038
505,10/13/2025 22:15,14.038
506,10/13/2025 22:30,14.038
507,10/13/2025 22:45,13.942
508,10/13/2025 23:00,13.846
509,10/13/2025 23:15,13.75
510,10/13/2025 23:30,13.654
511,10/13/2025 23:45,13.461
512,10/14/2025 0:00,13.365
513,10/14/2025 0:15,13.269
514,10/14/2025 0:30,13.173
515,10/14/2025 0:45,13.076
516,10/14/2025 1:00,12.98
517,10/14/2025 1:15,12.883
518,10/14/2025 1:30,12.883
519,10/14/2025 1:45,12.69
520,10/14/2025 2:00,12.69
521,10/14/2025 2:15,12.594
522,10/14/2025 2:30,12.594
523,10/14/2025 2:45,12.497
524,10/14/2025 3:00,12.401
525,10/14/2025 3:15,12.401
526,10/14/2025 3:30,12.304
527,10/14/2025 3:45,12.207
528,10/14/2025 4:00,12.207
529,10/14/2025 4:15,12.11
530,10/14/2025 4:30,12.013
531,10/14/2025 4:45,12.013
532,10/14/2025 5:00,11.916
533,10/14/2025 5:15,11.916
534,10/14/2025 5:30,11.819
535,10/14/2025 5:45,11.819
536,10/14/2025 6:00,11.722
537,10/14/2025 6:15,11.722
538,10/14/2025 6:30,11.722
539,10/14/2025 6:45,11.722
540,10/14/2025 7:00,11.625
541,10/14/2025 7:15,11.625
542,10/14/2025 7:30,11.625
543,10/14/2025 7:45,11.625
544,10/14/2025 8:00,11.625
545,10/14/2025 8:15,11.625
546,10/14/2025 8:30,11.625
547,10/14/2025 8:45,11.722
548,10/14/2025 9:00,11.722
549,10/14/2025 9:15,11.819
550,10/14/2025 9:30,11.916
551,10/14/2025 9:45,12.013
552,10/14/2025 10:00,12.304
553,10/14/2025 10:15,12.594
554,10/14/2025 10:30,12.98
555,10/14/2025 10:45,13.461
556,10/14/2025 11:00,13.942
557,10/14/2025 11:15,14.421
558,10/14/2025 11:30,14.996
559,10/14/2025 11:45,15.473
560,10/14/2025 12:00,16.332
561,10/14/2025 12:15,17.284
562,10/14/2025 12:30,18.045
563,10/14/2025 12:45,18.616
564,10/14/2025 13:00,19.187
565,10/14/2025 13:15,19.567
566,10/14/2025 13:30,19.853
567,10/14/2025 13:45,20.043
568,10/14/2025 14:00,20.234
569,10/14/2025 14:15,20.424
570,10/14/2025 14:30,20.519
571,10/14/2025 14:45,20.519
572,10/14/2025 15:00,20.996
573,10/14/2025 15:15,21.473
574,10/14/2025 15:30,21.951
575,10/14/2025 15:45,18.901
576,10/14/2025 16:00,17.475
577,10/14/2025 16:15,17.379
578,10/14/2025 16:30,14.038
579,10/14/2025 16:45,14.038
580,10/14/2025 17:00,14.038
581,10/14/2025 17:15,14.038
582,10/14/2025 17:30,14.038
583,10/14/2025 17:45,14.038
584,10/14/2025 18:00,14.038
585,10/14/2025 18:15,14.038
586,10/14/2025 18:30,13.942
587,10/14/2025 18:45,13.942
588,10/14/2025 19:00,13.846
589,10/14/2025 19:15,13.846
590,10/14/2025 19:30,13.846
591,10/14/2025 19:45,13.75
592,10/14/2025 20:00,13.75
593,10/14/2025 20:15,13.654
594,10/14/2025 20:30,13.654
595,10/14/2025 20:45,13.558
596,10/14/2025 21:00,13.461
597,10/14/2025 21:15,13.461
598,10/14/2025 21:30,13.365
599,10/14/2025 21:45,13.365
600,10/14/2025 22:00,13.365
601,10/14/2025 22:15,13.269
602,10/14/2025 22:30,13.269
603,10/14/2025 22:45,13.173
604,10/14/2025 23:00,13.173
605,10/14/2025 23:15,13.076
606,10/14/2025 23:30,13.076
607,10/14/2025 23:45,12.98
608,10/15/2025 0:00,12.98
609,10/15/2025 0:15,12.883
610,10/15/2025 0:30,12.883
611,10/15/2025 0:45,12.883
612,10/15/2025 1:00,12.787
613,10/15/2025 1:15,12.883
614,10/15/2025 1:30,12.787
615,10/15/2025 1:45,12.69
616,10/15/2025 2:00,12.69
617,10/15/2025 2:15,12.69
618,10/15/2025 2:30,12.594
619,10/15/2025 2:45,12.594
620,10/15/2025 3:00,12.497
621,10/15/2025 3:15,12.497
622,10/15/2025 3:30,12.401
623,10/15/2025 3:45,12.401
624,10/15/2025 4:00,12.401
625,10/15/2025 4:15,12.401
626,10/15/2025 4:30,12.401
627,10/15/2025 4:45,12.304
628,10/15/2025 5:00,12.304
629,10/15/2025 5:15,12.304
630,10/15/2025 5:30,12.304
631,10/15/2025 5:45,12.304
632,10/15/2025 6:00,12.207
633,10/15/2025 6:15,12.207
634,10/15/2025 6:30,12.207
635,10/15/2025 6:45,12.207
636,10/15/2025 7:00,12.207
637,10/15/2025 7:15,12.207
638,10/15/2025 7:30,12.207
639,10/15/2025 7:45,12.207
640,10/15/2025 8:00,12.207
641,10/15/2025 8:15,12.207
642,10/15/2025 8:30,12.304
643,10/15/2025 8:45,12.304
644,10/15/2025 9:00,12.401
645,10/15/2025 9:15,12.401
646,10/15/2025 9:30,12.401
647,10/15/2025 9:45,12.401
648,10/15/2025 10:00,12.401
649,10/15/2025 10:15,12.401
650,10/15/2025 10:30,12.401
651,10/15/2025 10:45,12.401
652,10/15/2025 11:00,12.401
653,10/15/2025 11:15,12.497
654,10/15/2025 11:30,12.497
655,10/15/2025 11:45,12.497
656,10/15/2025 12:00,12.594
657,10/15/2025 12:15,12.594
658,10/15/2025 12:30,12.69
659,10/15/2025 12:45,12.98
660,10/15/2025 13:00,13.365
661,10/15/2025 13:15,12.98
662,10/15/2025 13:30,12.98
663,10/15/2025 13:45,13.076
664,10/15/2025 14:00,13.076
665,10/15/2025 14:15,13.076
666,10/15/2025 14:30,13.173
667,10/15/2025 14:45,13.269
668,10/15/2025 15:00,13.269
669,10/15/2025 15:15,13.365
670,10/15/2025 15:30,13.365
671,10/15/2025 15:45,13.365
672,10/15/2025 16:00,13.461
673,10/15/2025 16:15,13.558
674,10/15/2025 16:30,13.558
675,10/15/2025 16:45,13.461
676,10/15/2025 17:00,13.558
677,10/15/2025 17:15,13.461
678,10/15/2025 17:30,13.461
679,10/15/2025 17:45,13.461
680,10/15/2025 18:00,13.461
681,10/15/2025 18:15,13.461
682,10/15/2025 18:30,13.365
683,10/15/2025 18:45,13.365
684,10/15/2025 19:00,13.269
685,10/15/2025 19:15,13.173
686,10/15/2025 19:30,13.173
687,10/15/2025 19:45,13.076
688,10/15/2025 20:00,12.98
689,10/15/2025 20:15,12.98
690,10/15/2025 20:30,12.98
691,10/15/2025 20:45,12.883
692,10/15/2025 21:00,12.883
693,10/15/2025 21:15,12.787
694,10/15/2025 21:30,12.69
695,10/15/2025 21:45,12.69
696,10/15/2025 22:00,12.594
697,10/15/2025 22:15,12.594
698,10/15/2025 22:30,12.497
699,10/15/2025 22:45,12.401
700,10/15/2025 23:00,12.401
701,10/15/2025 23:15,12.304
702,10/15/2025 23:30,12.207
703,10/15/2025 23:45,12.207
704,10/16/2025 0:00,12.11
705,10/16/2025 0:15,12.11
706,10/16/2025 0:30,12.013
707,10/16/2025 0:45,12.013
708,10/16/2025 1:00,11.916
709,10/16/2025 1:15,11.916
710,10/16/2025 1:30,11.819
711,10/16/2025 1:45,11.819
712,10/16/2025 2:00,11.722
713,10/16/2025 2:15,11.722
714,10/16/2025 2:30,11.625
715,10/16/2025 2:45,11.625
716,10/16/2025 3:00,11.625
717,10/16/2025 3:15,11.625
718,10/16/2025 3:30,11.625
719,10/16/2025 3:45,11.625
720,10/16/2025 4:00,11.528
721,10/16/2025 4:15,11.528
722,10/16/2025 4:30,11.528
723,10/16/2025 4:45,11.528
724,10/16/2025 5:00,11.431
725,10/16/2025 5:15,11.431
726,10/16/2025 5:30,11.431
727,10/16/2025 5:45,11.334
728,10/16/2025 6:00,11.334
729,10/16/2025 6:15,11.334
730,10/16/2025 6:30,11.236
731,10/16/2025 6:45,11.236
732,10/16/2025 7:00,11.139
733,10/16/2025 7:15,11.139
734,10/16/2025 7:30,11.139
735,10/16/2025 7:45,11.139
736,10/16/2025 8:00,11.139
737,10/16/2025 8:15,11.139
738,10/16/2025 8:30,11.139
739,10/16/2025 8:45,11.139
740,10/16/2025 9:00,11.236
741,10/16/2025 9:15,11.236
742,10/16/2025 9:30,11.236
743,10/16/2025 9:45,11.334
744,10/16/2025 10:00,11.334
745,10/16/2025 10:15,11.334
746,10/16/2025 10:30,11.431
747,10/16/2025 10:45,11.528
748,10/16/2025 11:00,11.528
749,10/16/2025 11:15,11.722
750,10/16/2025 11:30,11.916
751,10/16/2025 11:45,11.722
752,10/16/2025 12:00,12.013
753,10/16/2025 12:15,12.207
754,10/16/2025 12:30,12.013
755,10/16/2025 12:45,11.916
756,10/16/2025 13:00,12.787
757,10/16/2025 13:15,12.401
758,10/16/2025 13:30,12.98
759,10/16/2025 13:45,12.883
760,10/16/2025 14:00,13.076
761,10/16/2025 14:15,12.787
762,10/16/2025 14:30,13.173
763,10/16/2025 14:45,12.69
764,10/16/2025 15:00,12.304
765,10/16/2025 15:15,12.304
766,10/16/2025 15:30,12.401
767,10/16/2025 15:45,12.497
768,10/16/2025 16:00,12.497
769,10/16/2025 16:15,12.497
770,10/16/2025 16:30,12.594
771,10/16/2025 16:45,12.594
772,10/16/2025 17:00,12.594
773,10/16/2025 17:15,12.594
774,10/16/2025 17:30,12.594
775,10/16/2025 17:45,12.497
776,10/16/2025 18:00,12.497
777,10/16/2025 18:15,12.497
778,10/16/2025 18:30,12.401
779,10/16/2025 18:45,12.401
780,10/16/2025 19:00,12.304
781,10/16/2025 19:15,12.207
782,10/16/2025 19:30,12.207
783,10/16/2025 19:45,12.11
784,10/16/2025 20:00,12.013
785,10/16/2025 20:15,11.916
786,10/16/2025 20:30,11.916
787,10/16/2025 20:45,11.819
788,10/16/2025 21:00,11.819
789,10/16/2025 21:15,11.722
790,10/16/2025 21:30,11.625
791,10/16/2025 21:45,11.625
792,10/16/2025 22:00,11.528
793,10/16/2025 22:15,11.431
794,10/16/2025 22:30,11.431
795,10/16/2025 22:45,11.334
796,10/16/2025 23:00,11.334
797,10/16/2025 23:15,11.334
798,10/16/2025 23:30,11.236
799,10/16/2025 23:45,11.236
800,10/17/2025 0:00,11.139
801,10/17/2025 0:15,11.139
802,10/17/2025 0:30,11.041
803,10/17/2025 0:45,11.041
804,10/17/2025 1:00,10.944
805,10/17/2025 1:15,10.944
806,10/17/2025 1:30,10.846
807,10/17/2025 1:45,10.846
808,10/17/2025 2:00,10.748
809,10/17/2025 2:15,10.748
810,10/17/2025 2:30,10.748
811,10/17/2025 2:45,10.651
812,10/17/2025 3:00,10.651
813,10/17/2025 3:15,10.553
814,10/17/2025 3:30,10.553
815,10/17/2025 3:45,10.553
816,10/17/2025 4:00,10.455
817,10/17/2025 4:15,10.455
818,10/17/2025 4:30,10.357
819,10/17/2025 4:45,10.357
820,10/17/2025 5:00,10.357
821,10/17/2025 5:15,10.259
822,10/17/2025 5:30,10.259
823,10/17/2025 5:45,10.259
824,10/17/2025 6:00,10.161
825,10/17/2025 6:15,10.161
826,10/17/2025 6:30,10.161
827,10/17/2025 6:45,10.063
828,10/17/2025 7:00,10.063
829,10/17/2025 7:15,10.063
830,10/17/2025 7:30,9.965
831,10/17/2025 7:45,9.965
832,10/17/2025 8:00,9.965
833,10/17/2025 8:15,10.063
834,10/17/2025 8:30,10.063
835,10/17/2025 8:45,10.063
836,10/17/2025 9:00,10.161
837,10/17/2025 9:15,10.161
838,10/17/2025 9:30,10.259
839,10/17/2025 9:45,10.357
840,10/17/2025 10:00,10.357
841,10/17/2025 10:15,10.455
842,10/17/2025 10:30,10.553
843,10/17/2025 10:45,10.553
844,10/17/2025 11:00,10.846
845,10/17/2025 11:15,10.748
846,10/17/2025 11:30,10.748
847,10/17/2025 11:45,10.944
848,10/17/2025 12:00,10.944
849,10/17/2025 12:15,11.139
850,10/17/2025 12:30,11.236
851,10/17/2025 12:45,11.528
852,10/17/2025 13:00,11.625
853,10/17/2025 13:15,11.722
854,10/17/2025 13:30,11.819
855,10/17/2025 13:45,12.304
856,10/17/2025 14:00,11.528
857,10/17/2025 14:15,11.528
858,10/17/2025 14:30,11.722
859,10/17/2025 14:45,11.722
860,10/17/2025 15:00,11.722
861,10/17/2025 15:15,11.916
862,10/17/2025 15:30,12.11
863,10/17/2025 15:45,12.11
864,10/17/2025 16:00,12.11
865,10/17/2025 16:15,12.207
866,10/17/2025 16:30,12.207
867,10/17/2025 16:45,12.207
868,10/17/2025 17:00,12.304
869,10/17/2025 17:15,12.304
870,10/17/2025 17:30,12.304
871,10/17/2025 17:45,12.401
872,10/17/2025 18:00,12.304
873,10/17/2025 18:15,12.304
874,10/17/2025 18:30,12.207
875,10/17/2025 18:45,12.207
876,10/17/2025 19:00,12.11
877,10/17/2025 19:15,12.013
878,10/17/2025 19:30,12.013
879,10/17/2025 19:45,11.916
880,10/17/2025 20:00,11.819
881,10/17/2025 20:15,11.819
882,10/17/2025 20:30,11.722
883,10/17/2025 20:45,11.722
884,10/17/2025 21:00,11.625
885,10/17/2025 21:15,11.625
886,10/17/2025 21:30,11.528
887,10/17/2025 21:45,11.528
888,10/17/2025 22:00,11.528
889,10/17/2025 22:15,11.431
890,10/17/2025 22:30,11.431
891,10/17/2025 22:45,11.431
892,10/17/2025 23:00,11.334
893,10/17/2025 23:15,11.334
894,10/17/2025 23:30,11.334
895,10/17/2025 23:45,11.334
896,10/18/2025 0:00,11.334
897,10/18/2025 0:15,11.334
898,10/18/2025 0:30,11.334
899,10/18/2025 0:45,11.334
900,10/18/2025 1:00,11.334
901,10/18/2025 1:15,11.334
902,10/18/2025 1:30,11.236
903,10/18/2025 1:45,11.236
904,10/18/2025 2:00,11.236
905,10/18/2025 2:15,11.236
906,10/18/2025 2:30,11.236
907,10/18/2025 2:45,11.236
908,10/18/2025 3:00,11.236
909,10/18/2025 3:15,11.236
910,10/18/2025 3:30,11.236
911,10/18/2025 3:45,11.139
912,10/18/2025 4:00,11.139
913,10/18/2025 4:15,11.139
914,10/18/2025 4:30,11.139
915,10/18/2025 4:45,11.139
916,10/18/2025 5:00,11.139
917,10/18/2025 5:15,11.041
918,10/18/2025 5:30,11.041
919,10/18/2025 5:45,11.041
920,10/18/2025 6:00,11.041
921,10/18/2025 6:15,11.041
922,10/18/2025 6:30,11.041
923,10/18/2025 6:45,10.944
924,10/18/2025 7:00,10.944
925,10/18/2025 7:15,10.944
926,10/18/2025 7:30,10.944
927,10/18/2025 7:45,10.944
928,10/18/2025 8:00,10.944
929,10/18/2025 8:15,10.944
930,10/18/2025 8:30,10.944
931,10/18/2025 8:45,11.041
932,10/18/2025 9:00,11.041
933,10/18/2025 9:15,11.041
934,10/18/2025 9:30,11.139
935,10/18/2025 9:45,11.236
936,10/18/2025 10:00,11.236
937,10/18/2025 10:15,11.236
938,10/18/2025 10:30,11.528
939,10/18/2025 10:45,11.528
940,10/18/2025 11:00,11.431
941,10/18/2025 11:15,11.528
942,10/18/2025 11:30,11.625
943,10/18/2025 11:45,11.722
944,10/18/2025 12:00,11.722
945,10/18/2025 12:15,11.916
946,10/18/2025 12:30,12.11
947,10/18/2025 12:45,12.013
948,10/18/2025 13:00,13.269
949,10/18/2025 13:15,12.594
950,10/18/2025 13:30,12.69
951,10/18/2025 13:45,13.173
952,10/18/2025 14:00,13.942
953,10/18/2025 14:15,13.173
954,10/18/2025 14:30,13.846
955,10/18/2025 14:45,13.269
956,10/18/2025 15:00,12.883
957,10/18/2025 15:15,12.98
958,10/18/2025 15:30,13.076
959,10/18/2025 15:45,13.076
960,10/18/2025 16:00,13.076
961,10/18/2025 16:15,13.173
962,10/18/2025 16:30,13.173
963,10/18/2025 16:45,13.269
964,10/18/2025 17:00,13.269
965,10/18/2025 17:15,13.269
966,10/18/2025 17:30,13.269
967,10/18/2025 17:45,13.269
968,10/18/2025 18:00,13.269
969,10/18/2025 18:15,13.269
970,10/18/2025 18:30,13.173
971,10/18/2025 18:45,13.173
972,10/18/2025 19:00,13.076
973,10/18/2025 19:15,13.076
974,10/18/2025 19:30,13.076
975,10/18/2025 19:45,12.98
976,10/18/2025 20:00,12.98
977,10/18/2025 20:15,12.883
978,10/18/2025 20:30,12.883
979,10/18/2025 20:45,12.787
980,10/18/2025 21:00,12.787
981,10/18/2025 21:15,12.69
982,10/18/2025 21:30,12.594
983,10/18/2025 21:45,12.594
984,10/18/2025 22:00,12.594
985,10/18/2025 22:15,12.497
986,10/18/2025 22:30,12.497
987,10/18/2025 22:45,12.401
988,10/18/2025 23:00,12.401
989,10/18/2025 23:15,12.304
990,10/18/2025 23:30,12.207
991,10/18/2025 23:45,12.207
992,10/19/2025 0:00,12.207
993,10/19/2025 0:15,12.11
994,10/19/2025 0:30,12.11
995,10/19/2025 0:45,12.013
996,10/19/2025 1:00,12.013
997,10/19/2025 1:15,11.916
998,10/19/2025 1:30,11.916
999,10/19/2025 1:45,11.916
1000,10/19/2025 2:00,11.819
1001,10/19/2025 2:15,11.819
1002,10/19/2025 2:30,11.819
1003,10/19/2025 2:45,11.722
1004,10/19/2025 3:00,11.722
1005,10/19/2025 3:15,11.722
1006,10/19/2025 3:30,11.625
1007,10/19/2025 3:45,11.625
1008,10/19/2025 4:00,11.625
1009,10/19/2025 4:15,11.625
1010,10/19/2025 4:30,11.625
1011,10/19/2025 4:45,11.528
1012,10/19/2025 5:00,11.528
1013,10/19/2025 5:15,11.431
1014,10/19/2025 5:30,11.431
1015,10/19/2025 5:45,11.431
1016,10/19/2025 6:00,11.334
1017,10/19/2025 6:15,11.334
1018,10/19/2025 6:30,11.334
1019,10/19/2025 6:45,11.236
1020,10/19/2025 7:00,11.236
1021,10/19/2025 7:15,11.236
1022,10/19/2025 7:30,11.236
1023,10/19/2025 7:45,11.139
1024,10/19/2025 8:00,11.139
1025,10/19/2025 8:15,11.236
1026,10/19/2025 8:30,11.236
1027,10/19/2025 8:45,11.236
1028,10/19/2025 9:00,11.334
1029,10/19/2025 9:15,11.334
1030,10/19/2025 9:30,11.431
1031,10/19/2025 9:45,11.431
1032,10/19/2025 10:00,11.528
1033,10/19/2025 10:15,11.625
1034,10/19/2025 10:30,11.722
1035,10/19/2025 10:45,11.625
1036,10/19/2025 11:00,11.819
1037,10/19/2025 11:15,11.916
1038,10/19/2025 11:30,11.916
1039,10/19/2025 11:45,12.207
1040,10/19/2025 12:00,12.207
1041,10/19/2025 12:15,12.304
1042,10/19/2025 12:30,12.594
1043,10/19/2025 12:45,12.497
1044,10/19/2025 13:00,12.497
1045,10/19/2025 13:15,12.594
1046,10/19/2025 13:30,12.69
1047,10/19/2025 13:45,13.076
1048,10/19/2025 14:00,13.461
1049,10/19/2025 14:15,13.461
1050,10/19/2025 14:30,13.365
1051,10/19/2025 14:45,13.365
1052,10/19/2025 15:00,13.461
1053,10/19/2025 15:15,13.461
1054,10/19/2025 15:30,13.558
1055,10/19/2025 15:45,13.654
1056,10/19/2025 16:00,13.654
1057,10/19/2025 16:15,13.654
1058,10/19/2025 16:30,13.654
1059,10/19/2025 16:45,13.654
1060,10/19/2025 17:00,13.654
1061,10/19/2025 17:15,13.75
1062,10/19/2025 17:30,13.846
1063,10/19/2025 17:45,13.846
1064,10/19/2025 18:00,13.846
1065,10/19/2025 18:15,13.846
1066,10/19/2025 18:30,13.846
1067,10/19/2025 18:45,13.846
1068,10/19/2025 19:00,13.846
1069,10/19/2025 19:15,13.846
1070,10/19/2025 19:30,13.846
1071,10/19/2025 19:45,13.846
1072,10/19/2025 20:00,13.846
1073,10/19/2025 20:15,13.75
1074,10/19/2025 20:30,13.75
1075,10/19/2025 20:45,13.75
1076,10/19/2025 21:00,13.75
1077,10/19/2025 21:15,13.75
1078,10/19/2025 21:30,13.75
1079,10/19/2025 21:45,13.75
1080,10/19/2025 22:00,13.654
1081,10/19/2025 22:15,13.558
1082,10/19/2025 22:30,13.558
1083,10/19/2025 22:45,13.654
1084,10/19/2025 23:00,13.654
1085,10/19/2025 23:15,13.654
1086,10/19/2025 23:30,13.558
1087,10/19/2025 23:45,13.558
1088,10/20/2025 0:00,13.558
1089,10/20/2025 0:15,13.558
1090,10/20/2025 0:30,13.558
1091,10/20/2025 0:45,13.558
1092,10/20/2025 1:00,13.461
1093,10/20/2025 1:15,13.461
1094,10/20/2025 1:30,13.461
1095,10/20/2025 1:45,13.461
1096,10/20/2025 2:00,13.461
1097,10/20/2025 2:15,13.461
1098,10/20/2025 2:30,13.365
1099,10/20/2025 2:45,13.365
1100,10/20/2025 3:00,13.365
1101,10/20/2025 3:15,13.365
1102,10/20/2025 3:30,13.365
1103,10/20/2025 3:45,13.269
1104,10/20/2025 4:00,13.269
1105,10/20/2025 4:15,13.269
1106,10/20/2025 4:30,13.269
1107,10/20/2025 4:45,13.173
1108,10/20/2025 5:00,13.173
1109,10/20/2025 5:15,13.173
1110,10/20/2025 5:30,13.173
1111,10/20/2025 5:45,13.076
1112,10/20/2025 6:00,13.076
1113,10/20/2025 6:15,13.076
1114,10/20/2025 6:30,13.076
1115,10/20/2025 6:45,13.076
1116,10/20/2025 7:00,13.076
1117,10/20/2025 7:15,12.98
1118,10/20/2025 7:30,12.98
1119,10/20/2025 7:45,12.98
1120,10/20/2025 8:00,12.98
1121,10/20/2025 8:15,12.98
1122,10/20/2025 8:30,12.883
1123,10/20/2025 8:45,12.883
1124,10/20/2025 9:00,12.883
1125,10/20/2025 9:15,12.883
1126,10/20/2025 9:30,12.787
1127,10/20/2025 9:45,12.787
1128,10/20/2025 10:00,12.787
1129,10/20/2025 10:15,12.787
1130,10/20/2025 10:30,12.69
1131,10/20/2025 10:45,12.69
1132,10/20/2025 11:00,12.69
1133,10/20/2025 11:15,12.69
1134,10/20/2025 11:30,12.69
1135,10/20/2025 11:45,12.69
1136,10/20/2025 12:00,12.69
1137,10/20/2025 12:15,12.69
1138,10/20/2025 12:30,12.69
1139,10/20/2025 12:45,12.69
1140,10/20/2025 13:00,12.69
1141,10/20/2025 13:15,12.594
1142,10/20/2025 13:30,12.594
1143,10/20/2025 13:45,12.594
1144,10/20/2025 14:00,12.69
1145,10/20/2025 14:15,12.69
1146,10/20/2025 14:30,12.69
1147,10/20/2025 14:45,12.594
1148,10/20/2025 15:00,12.594
1149,10/20/2025 15:15,12.69
1150,10/20/2025 15:30,12.69
1151,10/20/2025 15:45,12.787
1152,10/20/2025 16:00,12.69
1153,10/20/2025 16:15,12.69
1154,10/20/2025 16:30,12.69
1155,10/20/2025 16:45,12.69
1156,10/20/2025 17:00,12.594
1157,10/20/2025 17:15,12.594
1158,10/20/2025 17:30,12.594
1159,10/20/2025 17:45,12.594
1160,10/20/2025 18:00,12.594
1161,10/20/2025 18:15,12.497
1162,10/20/2025 18:30,12.497
1163,10/20/2025 18:45,12.401
1164,10/20/2025 19:00,12.497
1165,10/20/2025 19:15,12.401
1166,10/20/2025 19:30,12.401
1167,10/20/2025 19:45,12.304
1168,10/20/2025 20:00,12.304
1169,10/20/2025 20:15,12.207
1170,10/20/2025 20:30,12.207
1171,10/20/2025 20:45,12.207
1172,10/20/2025 21:00,12.11
1173,10/20/2025 21:15,12.11
1174,10/20/2025 21:30,12.013
1175,10/20/2025 21:45,12.013
1176,10/20/2025 22:00,11.916
1177,10/20/2025 22:15,11.916
1178,10/20/2025 22:30,11.916
1179,10/20/2025 22:45,11.819
1180,10/20/2025 23:00,11.819
1181,10/20/2025 23:15,11.722
1182,10/20/2025 23:30,11.722
1183,10/20/2025 23:45,11.722
1184,10/21/2025 0:00,11.625
1185,10/21/2025 0:15,11.625
1186,10/21/2025 0:30,11.528
1187,10/21/2025 0:45,11.528
1188,10/21/2025 1:00,11.528
1189,10/21/2025 1:15,11.431
1190,10/21/2025 1:30,11.431
1191,10/21/2025 1:45,11.431
1192,10/21/2025 2:00,11.334
1193,10/21/2025 2:15,11.334
1194,10/21/2025 2:30,11.334
1195,10/21/2025 2:45,11.236
1196,10/21/2025 3:00,11.236
1197,10/21/2025 3:15,11.236
1198,10/21/2025 3:30,11.139
1199,10/21/2025 3:45,11.041
1200,10/21/2025 4:00,11.041
1201,10/21/2025 4:15,11.041
1202,10/21/2025 4:30,11.041
1203,10/21/2025 4:45,11.041
1204,10/21/2025 5:00,11.041
1205,10/21/2025 5:15,10.944
1206,10/21/2025 5:30,10.944
1207,10/21/2025 5:45,10.944
1208,10/21/2025 6:00,10.846
1209,10/21/2025 6:15,10.846
1210,10/21/2025 6:30,10.748
1211,10/21/2025 6:45,10.748
1212,10/21/2025 7:00,10.748
1213,10/21/2025 7:15,10.651
1214,10/21/2025 7:30,10.651
1215,10/21/2025 7:45,10.651
1216,10/21/2025 8:00,10.651
1217,10/21/2025 8:15,10.651
1218,10/21/2025 8:30,10.651
1219,10/21/2025 8:45,10.651
1220,10/21/2025 9:00,10.651
1221,10/21/2025 9:15,10.748
1222,10/21/2025 9:30,10.748
1223,10/21/2025 9:45,10.846
1224,10/21/2025 10:00,10.846
1225,10/21/2025 10:15,10.944
1226,10/21/2025 10:30,11.041
1227,10/21/2025 10:45,11.041
1228,10/21/2025 11:00,11.139
1229,10/21/2025 11:15,11.139
1230,10/21/2025 11:30,11.236
1231,10/21/2025 11:45,11.334
1232,10/21/2025 12:00,11.334
1233,10/21/2025 12:15,11.431
1234,10/21/2025 12:30,11.528
1235,10/21/2025 12:45,11.625
1236,10/21/2025 13:00,11.819
1237,10/21/2025 13:15,11.916
1238,10/21/2025 13:30,12.11
1239,10/21/2025 13:45,11.916
1240,10/21/2025 14:00,11.819
1241,10/21/2025 14:15,11.916
1242,10/21/2025 14:30,12.013
1243,10/21/2025 14:45,12.013
1244,10/21/2025 15:00,12.013
1245,10/21/2025 15:15,12.013
1246,10/21/2025 15:30,12.11
1247,10/21/2025 15:45,12.11
1248,10/21/2025 16:00,12.11
1249,10/21/2025 16:15,12.11
1250,10/21/2025 16:30,12.11
1251,10/21/2025 16:45,12.11
1252,10/21/2025 17:00,12.11
1253,10/21/2025 17:15,12.11
1254,10/21/2025 17:30,12.11
1255,10/21/2025 17:45,12.11
1256,10/21/2025 18:00,12.11
1257,10/21/2025 18:15,12.11
1258,10/21/2025 18:30,12.11
1259,10/21/2025 18:45,12.11
1260,10/21/2025 19:00,12.013
1261,10/21/2025 19:15,12.013
1262,10/21/2025 19:30,12.013
1263,10/21/2025 19:45,12.013
1264,10/21/2025 20:00,12.013
1265,10/21/2025 20:15,11.916
1266,10/21/2025 20:30,11.916
1267,10/21/2025 20:45,11.916
1268,10/21/2025 21:00,11.916
1269,10/21/2025 21:15,11.916
1270,10/21/2025 21:30,11.916
1271,10/21/2025 21:45,11.916
1272,10/21/2025 22:00,11.916
1273,10/21/2025 22:15,11.819
1274,10/21/2025 22:30,11.819
1275,10/21/2025 22:45,11.819
1276,10/21/2025 23:00,11.819
1277,10/21/2025 23:15,11.819
1278,10/21/2025 23:30,11.722
1279,10/21/2025 23:45,11.722
1280,10/22/2025 0:00,11.625
1281,10/22/2025 0:15,11.625
1282,10/22/2025 0:30,11.528
1283,10/22/2025 0:45,11.528
1284,10/22/2025 1:00,11.528
1285,10/22/2025 1:15,11.431
1286,10/22/2025 1:30,11.431
1287,10/22/2025 1:45,11.334
1288,10/22/2025 2:00,11.334
1289,10/22/2025 2:15,11.334
1290,10/22/2025 2:30,11.236
1291,10/22/2025 2:45,11.236
1292,10/22/2025 3:00,11.236
1293,10/22/2025 3:15,11.236
1294,10/22/2025 3:30,11.139
1295,10/22/2025 3:45,11.139
1296,10/22/2025 4:00,11.139
1297,10/22/2025 4:15,11.139
1298,10/22/2025 4:30,11.139
1299,10/22/2025 4:45,11.139
1300,10/22/2025 5:00,11.041
1301,10/22/2025 5:15,11.041
1302,10/22/2025 5:30,11.041
1303,10/22/2025 5:45,11.041
1304,10/22/2025 6:00,11.041
1305,10/22/2025 6:15,10.944
1306,10/22/2025 6:30,10.944
1307,10/22/2025 6:45,10.944
1308,10/22/2025 7:00,10.944
1309,10/22/2025 7:15,10.944
1310,10/22/2025 7:30,10.846
1311,10/22/2025 7:45,10.944
1312,10/22/2025 8:00,10.846
1313,10/22/2025 8:15,10.846
1314,10/22/2025 8:30,10.846
1315,10/22/2025 8:45,10.846
1316,10/22/2025 9:00,10.944
1317,10/22/2025 9:15,10.944
1318,10/22/2025 9:30,11.041
1319,10/22/2025 9:45,11.139
1320,10/22/2025 10:00,11.139
1321,10/22/2025 10:15,11.139
1322,10/22/2025 10:30,11.236
1323,10/22/2025 10:45,11.334
1324,10/22/2025 11:00,11.236
1325,10/22/2025 11:15,11.334
1326,10/22/2025 11:30,11.431
1327,10/22/2025 11:45,11.528
1328,10/22/2025 12:00,11.334
1329,10/22/2025 12:15,11.236
1330,10/22/2025 12:30,11.236
1331,10/22/2025 12:45,11.236
1332,10/22/2025 13:00,11.236
1333,10/22/2025 13:15,11.236
1334,10/22/2025 13:30,11.236
1335,10/22/2025 13:45,11.236
1336,10/22/2025 14:00,11.236
1337,10/22/2025 14:15,11.236
1338,10/22/2025 14:30,11.236
1339,10/22/2025 14:45,11.334
1340,10/22/2025 15:00,11.334
1341,10/22/2025 15:15,11.236
1342,10/22/2025 15:30,11.236
1343,10/22/2025 15:45,11.236
1344,10/22/2025 16:00,11.236
1345,10/22/2025 16:15,11.236
1346,10/22/2025 16:30,11.236
1347,10/22/2025 16:45,11.236
1348,10/22/2025 17:00,11.236
1349,10/22/2025 17:15,11.139
1350,10/22/2025 17:30,11.139
1351,10/22/2025 17:45,11.139
1352,10/22/2025 18:00,11.139
1353,10/22/2025 18:15,11.139
1354,10/22/2025 18:30,11.139
1355,10/22/2025 18:45,11.139
1356,10/22/2025 19:00,11.139
1357,10/22/2025 19:15,11.139
1358,10/22/2025 19:30,11.041
1359,10/22/2025 19:45,11.041
1360,10/22/2025 20:00,11.041
1361,10/22/2025 20:15,11.041
1362,10/22/2025 20:30,11.041
1363,10/22/2025 20:45,11.041
1364,10/22/2025 21:00,10.944
1365,10/22/2025 21:15,10.944
1366,10/22/2025 21:30,10.944
1367,10/22/2025 21:45,10.944
1368,10/22/2025 22:00,10.944
1369,10/22/2025 22:15,10.944
1370,10/22/2025 22:30,10.944
1371,10/22/2025 22:45,10.944
1372,10/22/2025 23:00,10.944
1373,10/22/2025 23:15,10.944
1374,10/22/2025 23:30,10.846
1375,10/22/2025 23:45,10.846
1376,10/23/2025 0:00,10.846
1377,10/23/2025 0:15,10.846
1378,10/23/2025 0:30,10.846
1379,10/23/2025 0:45,10.846
1380,10/23/2025 1:00,10.748
1381,10/23/2025 1:15,10.748
1382,10/23/2025 1:30,10.748
1383,10/23/2025 1:45,10.748
1384,10/23/2025 2:00,10.748
1385,10/23/2025 2:15,10.748
1386,10/23/2025 2:30,10.748
1387,10/23/2025 2:45,10.748
1388,10/23/2025 3:00,10.748
1389,10/23/2025 3:15,10.651
1390,10/23/2025 3:30,10.651
1391,10/23/2025 3:45,10.651
1392,10/23/2025 4:00,10.651
1393,10/23/2025 4:15,10.651
1394,10/23/2025 4:30,10.651
1395,10/23/2025 4:45,10.651
1396,10/23/2025 5:00,10.651
1397,10/23/2025 5:15,10.651
1398,10/23/2025 5:30,10.651
1399,10/23/2025 5:45,10.651
1400,10/23/2025 6:00,10.651
1401,10/23/2025 6:15,10.553
1402,10/23/2025 6:30,10.553
1403,10/23/2025 6:45,10.553
1404,10/23/2025 7:00,10.553
1405,10/23/2025 7:15,10.553
1406,10/23/2025 7:30,10.553
1407,10/23/2025 7:45,10.455
1408,10/23/2025 8:00,10.455
1409,10/23/2025 8:15,10.553
1410,10/23/2025 8:30,10.553
1411,10/23/2025 8:45,10.553
1412,10/23/2025 9:00,10.553
1413,10/23/2025 9:15,10.553
1414,10/23/2025 9:30,10.553
1415,10/23/2025 9:45,10.553
1416,10/23/2025 10:00,10.651
1417,10/23/2025 10:15,10.651
1418,10/23/2025 10:30,10.651
1419,10/23/2025 10:45,10.651
1420,10/23/2025 11:00,10.748
1421,10/23/2025 11:15,10.651
1422,10/23/2025 11:30,10.651
1423,10/23/2025 11:45,10.846
1424,10/23/2025 12:00,10.846
1425,10/23/2025 12:15,10.846
1426,10/23/2025 12:30,10.846
1427,10/23/2025 12:45,10.846
1428,10/23/2025 13:00,10.748
1429,10/23/2025 13:15,10.846
1430,10/23/2025 13:30,10.846
1431,10/23/2025 13:45,10.846
1432,10/23/2025 14:00,10.846
1433,10/23/2025 14:15,10.846
1434,10/23/2025 14:30,10.944
1435,10/23/2025 14:45,10.944
1436,10/23/2025 15:00,10.944
1437,10/23/2025 15:15,10.944
1438,10/23/2025 15:30,10.846
1439,10/23/2025 15:45,10.944
1440,10/23/2025 16:00,10.944
1441,10/23/2025 16:15,10.944
1442,10/23/2025 16:30,10.944
1443,10/23/2025 16:45,10.944
1444,10/23/2025 17:00,10.846
1445,10/23/2025 17:15,10.846
1446,10/23/2025 17:30,10.944
1447,10/23/2025 17:45,10.846
1448,10/23/2025 18:00,10.846
1449,10/23/2025 18:15,10.846
1450,10/23/2025 18:30,10.846
1451,10/23/2025 18:45,10.846
1452,10/23/2025 19:00,10.846
1453,10/23/2025 19:15,10.748
1454,10/23/2025 19:30,10.748
1455,10/23/2025 19:45,10.651
1456,10/23/2025 20:00,10.651
1457,10/23/2025 20:15,10.651
1458,10/23/2025 20:30,10.651
1459,10/23/2025 20:45,10.553
1460,10/23/2025 21:00,10.553
1461,10/23/2025 21:15,10.553
1462,10/23/2025 21:30,10.553
1463,10/23/2025 21:45,10.455
1464,10/23/2025 22:00,10.455
1465,10/23/2025 22:15,10.357
1466,10/23/2025 22:30,10.357
1467,10/23/2025 22:45,10.357
1468,10/23/2025 23:00,10.357
1469,10/23/2025 23:15,10.259
1470,10/23/2025 23:30,10.259
1471,10/23/2025 23:45,10.259
1472,10/24/2025 0:00,10.259
1473,10/24/2025 0:15,10.161
1474,10/24/2025 0:30,10.161
1475,10/24/2025 0:45,10.161
1476,10/24/2025 1:00,10.161
1477,10/24/2025 1:15,10.161
1478,10/24/2025 1:30,10.161
1479,10/24/2025 1:45,10.161
1480,10/24/2025 2:00,10.161
1481,10/24/2025 2:15,10.161
1482,10/24/2025 2:30,10.063
1483,10/24/2025 2:45,10.063
1484,10/24/2025 3:00,9.965
1485,10/24/2025 3:15,9.965
1486,10/24/2025 3:30,9.965
1487,10/24/2025 3:45,9.866
1488,10/24/2025 4:00,9.866
1489,10/24/2025 4:15,9.866
1490,10/24/2025 4:30,9.866
1491,10/24/2025 4:45,9.768
1492,10/24/2025 5:00,9.669
1493,10/24/2025 5:15,9.669
1494,10/24/2025 5:30,9.768
1495,10/24/2025 5:45,9.768
1496,10/24/2025 6:00,9.768
1497,10/24/2025 6:15,9.768
1498,10/24/2025 6:30,9.669
1499,10/24/2025 6:45,9.669
1500,10/24/2025 7:00,9.669
1501,10/24/2025 7:15,9.571
1502,10/24/2025 7:30,9.571
1503,10/24/2025 7:45,9.571
1504,10/24/2025 8:00,9.669
1505,10/24/2025 8:15,9.669
1506,10/24/2025 8:30,9.768
1507,10/24/2025 8:45,9.768
1508,10/24/2025 9:00,9.866
1509,10/24/2025 9:15,9.866
1510,10/24/2025 9:30,9.965
1511,10/24/2025 9:45,9.965
1512,10/24/2025 10:00,10.063
1513,10/24/2025 10:15,10.161
1514,10/24/2025 10:30,10.259
1515,10/24/2025 10:45,10.161
1516,10/24/2025 11:00,10.259
1517,10/24/2025 11:15,10.161
1518,10/24/2025 11:30,10.161
1519,10/24/2025 11:45,10.259
1520,10/24/2025 12:00,10.357
1521,10/24/2025 12:15,10.357
1522,10/24/2025 12:30,10.357
1523,10/24/2025 12:45,10.944
1524,10/24/2025 13:00,10.553
1525,10/24/2025 13:15,10.944
1526,10/24/2025 13:30,10.553
1527,10/24/2025 13:45,10.553
1528,10/24/2025 14:00,10.748
1529,10/24/2025 14:15,11.041
1530,10/24/2025 14:30,10.651
1531,10/24/2025 14:45,10.651
1532,10/24/2025 15:00,10.651
1533,10/24/2025 15:15,10.748
1534,10/24/2025 15:30,10.748
1535,10/24/2025 15:45,10.748
1536,10/24/2025 16:00,10.748
1537,10/24/2025 16:15,10.748
1538,10/24/2025 16:30,10.748
1539,10/24/2025 16:45,10.846
1540,10/24/2025 17:00,10.846
1541,10/24/2025 17:15,10.846
1542,10/24/2025 17:30,10.748
1543,10/24/2025 17:45,10.748
1544,10/24/2025 18:00,10.748
1545,10/24/2025 18:15,10.748
1546,10/24/2025 18:30,10.748
1547,10/24/2025 18:45,10.651
1548,10/24/2025 19:00,10.651
1549,10/24/2025 19:15,10.553
1550,10/24/2025 19:30,10.553
1551,10/24/2025 19:45,10.553
1552,10/24/2025 20:00,10.455
1553,10/24/2025 20:15,10.455
1554,10/24/2025 20:30,10.357
1555,10/24/2025 20:45,10.357
1556,10/24/2025 21:00,10.259
1557,10/24/2025 21:15,10.259
1558,10/24/2025 21:30,10.161
1559,10/24/2025 21:45,10.161
1560,10/24/2025 22:00,10.063
1561,10/24/2025 22:15,10.063
1562,10/24/2025 22:30,10.063
1563,10/24/2025 22:45,9.965
1564,10/24/2025 23:00,9.965
1565,10/24/2025 23:15,9.866
1566,10/24/2025 23:30,9.866
1567,10/24/2025 23:45,9.866
1568,10/25/2025 0:00,9.768
1569,10/25/2025 0:15,9.768
1570,10/25/2025 0:30,9.768
1571,10/25/2025 0:45,9.768
1572,10/25/2025 1:00,9.768
1573,10/25/2025 1:15,9.669
1574,10/25/2025 1:30,9.669
1575,10/25/2025 1:45,9.669
1576,10/25/2025 2:00,9.669
1577,10/25/2025 2:15,9.669
1578,10/25/2025 2:30,9.669
1579,10/25/2025 2:45,9.669
1580,10/25/2025 3:00,9.571
1581,10/25/2025 3:15,9.571
1582,10/25/2025 3:30,9.571
1583,10/25/2025 3:45,9.472
1584,10/25/2025 4:00,9.472
1585,10/25/2025 4:15,9.472
1586,10/25/2025 4:30,9.472
1587,10/25/2025 4:45,9.472
1588,10/25/2025 5:00,9.472
1589,10/25/2025 5:15,9.472
1590,10/25/2025 5:30,9.472
1591,10/25/2025 5:45,9.472
1592,10/25/2025 6:00,9.373
1593,10/25/2025 6:15,9.373
1594,10/25/2025 6:30,9.373
1595,10/25/2025 6:45,9.373
1596,10/25/2025 7:00,9.373
1597,10/25/2025 7:15,9.275
1598,10/25/2025 7:30,9.275
1599,10/25/2025 7:45,9.275
1600,10/25/2025 8:00,9.275
1601,10/25/2025 8:15,9.275
1602,10/25/2025 8:30,9.275
1603,10/25/2025 8:45,9.373
1604,10/25/2025 9:00,9.373
1605,10/25/2025 9:15,9.472
1606,10/25/2025 9:30,9.472
1607,10/25/2025 9:45,9.571
1608,10/25/2025 10:00,9.571
1609,10/25/2025 10:15,9.768
1610,10/25/2025 10:30,9.965
1611,10/25/2025 10:45,9.965
1612,10/25/2025 11:00,9.866
1613,10/25/2025 11:15,9.866
1614,10/25/2025 11:30,10.063
1615,10/25/2025 11:45,10.259
1616,10/25/2025 12:00,9.965
1617,10/25/2025 12:15,10.455
1618,10/25/2025 12:30,10.063
1619,10/25/2025 12:45,10.553
1620,10/25/2025 13:00,10.846
1621,10/25/2025 13:15,10.846
1622,10/25/2025 13:30,10.553
1623,10/25/2025 13:45,10.259
1624,10/25/2025 14:00,10.455
1625,10/25/2025 14:15,10.455
1626,10/25/2025 14:30,10.455
1627,10/25/2025 14:45,10.455
1628,10/25/2025 15:00,10.553
1629,10/25/2025 15:15,10.651
1630,10/25/2025 15:30,10.748
1631,10/25/2025 15:45,10.748
1632,10/25/2025 16:00,10.846
1633,10/25/2025 16:15,10.846
1634,10/25/2025 16:30,10.846
1635,10/25/2025 16:45,10.846
1636,10/25/2025 17:00,10.944
1637,10/25/2025 17:15,10.846
1638,10/25/2025 17:30,10.944
1639,10/25/2025 17:45,10.944
1640,10/25/2025 18:00,10.944
1641,10/25/2025 18:15,10.944
1642,10/25/2025 18:30,10.944
1643,10/25/2025 18:45,10.944
1644,10/25/2025 19:00,10.944
1645,10/25/2025 19:15,10.944
1646,10/25/2025 19:30,10.748
1647,10/25/2025 19:45,10.748
1648,10/25/2025 20:00,10.651
1649,10/25/2025 20:15,10.651
1650,10/25/2025 20:30,10.651
1651,10/25/2025 20:45,10.651
1652,10/25/2025 21:00,10.651
1653,10/25/2025 21:15,10.553
1654,10/25/2025 21:30,10.553
1655,10/25/2025 21:45,10.553
1656,10/25/2025 22:00,10.455
1657,10/25/2025 22:15,10.455
1658,10/25/2025 22:30,10.455
1659,10/25/2025 22:45,10.455
1660,10/25/2025 23:00,10.357
1661,10/25/2025 23:15,10.357
1662,10/25/2025 23:30,10.357
1663,10/25/2025 23:45,10.357
1664,10/26/2025 0:00,10.259
1665,10/26/2025 0:15,10.259
1666,10/26/2025 0:30,10.259
1667,10/26/2025 0:45,10.259
1668,10/26/2025 1:00,10.161
1669,10/26/2025 1:15,10.161
1670,10/26/2025 1:30,10.161
1671,10/26/2025 1:45,10.161
1672,10/26/2025 2:00,10.063
1673,10/26/2025 2:15,10.063
1674,10/26/2025 2:30,10.063
1675,10/26/2025 2:45,10.063
1676,10/26/2025 3:00,9.965
1677,10/26/2025 3:15,9.965
1678,10/26/2025 3:30,9.965
1679,10/26/2025 3:45,9.965
1680,10/26/2025 4:00,9.866
1681,10/26/2025 4:15,9.866
1682,10/26/2025 4:30,9.866
1683,10/26/2025 4:45,9.866
1684,10/26/2025 5:00,9.768
1685,10/26/2025 5:15,9.768
1686,10/26/2025 5:30,9.768
1687,10/26/2025 5:45,9.768
1688,10/26/2025 6:00,9.669
1689,10/26/2025 6:15,9.669
1690,10/26/2025 6:30,9.571
1691,10/26/2025 6:45,9.571
1692,10/26/2025 7:00,9.571
1693,10/26/2025 7:15,9.472
1694,10/26/2025 7:30,9.472
1695,10/26/2025 7:45,9.472
1696,10/26/2025 8:00,9.472
1697,10/26/2025 8:15,9.472
1698,10/26/2025 8:30,9.472
1699,10/26/2025 8:45,9.472
1700,10/26/2025 9:00,9.571
1701,10/26/2025 9:15,9.571
1702,10/26/2025 9:30,9.669
1703,10/26/2025 9:45,9.669
1704,10/26/2025 10:00,9.768
1705,10/26/2025 10:15,9.768
1706,10/26/2025 10:30,9.866
1707,10/26/2025 10:45,10.063
1708,10/26/2025 11:00,9.965
1709,10/26/2025 11:15,9.866
1710,10/26/2025 11:30,9.965
1711,10/26/2025 11:45,10.259
1712,10/26/2025 12:00,10.259
1713,10/26/2025 12:15,10.357
1714,10/26/2025 12:30,10.651
1715,10/26/2025 12:45,10.748
1716,10/26/2025 13:00,10.651
1717,10/26/2025 13:15,10.748
1718,10/26/2025 13:30,11.041
1719,10/26/2025 13:45,11.139
1720,10/26/2025 14:00,11.334
1721,10/26/2025 14:15,11.722
1722,10/26/2025 14:30,11.722
1723,10/26/2025 14:45,11.431
1724,10/26/2025 15:00,11.041
1725,10/26/2025 15:15,10.944
1726,10/26/2025 15:30,11.041
1727,10/26/2025 15:45,11.236
1728,10/26/2025 16:00,11.139
1729,10/26/2025 16:15,11.236
1730,10/26/2025 16:30,11.236
1731,10/26/2025 16:45,11.334
1732,10/26/2025 17:00,11.431
1733,10/26/2025 17:15,11.431
1734,10/26/2025 17:30,11.431
1735,10/26/2025 17:45,11.431
1736,10/26/2025 18:00,11.431
1737,10/26/2025 18:15,11.334
1738,10/26/2025 18:30,11.334
1739,10/26/2025 18:45,11.236
1740,10/26/2025 19:00,11.236
1741,10/26/2025 19:15,11.139
1742,10/26/2025 19:30,11.041
1743,10/26/2025 19:45,10.944
1744,10/26/2025 20:00,10.846
1745,10/26/2025 20:15,10.846
1746,10/26/2025 20:30,10.748
1747,10/26/2025 20:45,10.651
1748,10/26/2025 21:00,10.553
1749,10/26/2025 21:15,10.455
1750,10/26/2025 21:30,10.455
1751,10/26/2025 21:45,10.357
1752,10/26/2025 22:00,10.259
1753,10/26/2025 22:15,10.259
1754,10/26/2025 22:30,10.161
1755,10/26/2025 22:45,10.063
1756,10/26/2025 23:00,9.965
1757,10/26/2025 23:15,9.965
1758,10/26/2025 23:30,9.866
1759,10/26/2025 23:45,9.866
1760,10/27/2025 0:00,9.768
1761,10/27/2025 0:15,9.669
1762,10/27/2025 0:30,9.669
1763,10/27/2025 0:45,9.571
1764,10/27/2025 1:00,9.571
1765,10/27/2025 1:15,9.472
1766,10/27/2025 1:30,9.472
1767,10/27/2025 1:45,9.373
1768,10/27/2025 2:00,9.373
1769,10/27/2025 2:15,9.176
1770,10/27/2025 2:30,9.077
1771,10/27/2025 2:45,9.077
1772,10/27/2025 3:00,8.978
1773,10/27/2025 3:15,8.978
1774,10/27/2025 3:30,8.879
1775,10/27/2025 3:45,8.879
1776,10/27/2025 4:00,8.779
1777,10/27/2025 4:15,8.68
1778,10/27/2025 4:30,8.581
1779,10/27/2025 4:45,8.779
1780,10/27/2025 5:00,8.779
1781,10/27/2025 5:15,8.779
1782,10/27/2025 5:30,8.779
1783,10/27/2025 5:45,8.68
1784,10/27/2025 6:00,8.581
1785,10/27/2025 6:15,8.581
1786,10/27/2025 6:30,8.581
1787,10/27/2025 6:45,8.481
1788,10/27/2025 7:00,8.481
1789,10/27/2025 7:15,8.481
1790,10/27/2025 7:30,8.481
1791,10/27/2025 7:45,8.382
1792,10/27/2025 8:00,8.382
1793,10/27/2025 8:15,8.382
1794,10/27/2025 8:30,8.382
1795,10/27/2025 8:45,8.481
1796,10/27/2025 9:00,8.481
1797,10/27/2025 9:15,8.581
1798,10/27/2025 9:30,8.581
1799,10/27/2025 9:45,8.68
1800,10/27/2025 10:00,8.68
1801,10/27/2025 10:15,8.879
1802,10/27/2025 10:30,8.879
1803,10/27/2025 10:45,8.978
1804,10/27/2025 11:00,8.978
1805,10/27/2025 11:15,9.077
1806,10/27/2025 11:30,9.176
1807,10/27/2025 11:45,9.472
1808,10/27/2025 12:00,9.472
1809,10/27/2025 12:15,9.472
1810,10/27/2025 12:30,9.571
1811,10/27/2025 12:45,9.768
1812,10/27/2025 13:00,9.669
1813,10/27/2025 13:15,9.866
1814,10/27/2025 13:30,9.965
1815,10/27/2025 13:45,10.063
1816,10/27/2025 14:00,10.357
1817,10/27/2025 14:15,10.455
1818,10/27/2025 14:30,10.846
1819,10/27/2025 14:45,10.455
1820,10/27/2025 15:00,10.161
1821,10/27/2025 15:15,10.161
1822,10/27/2025 15:30,10.259
1823,10/27/2025 15:45,10.259
1824,10/27/2025 16:00,10.357
1825,10/27/2025 16:15,10.455
1826,10/27/2025 16:30,10.455
1827,10/27/2025 16:45,10.553
1828,10/27/2025 17:00,10.553
1829,10/27/2025 17:15,10.553
1830,10/27/2025 17:30,10.553
1831,10/27/2025 17:45,10.553
1832,10/27/2025 18:00,10.553
1833,10/27/2025 18:15,10.455
1834,10/27/2025 18:30,10.455
1835,10/27/2025 18:45,10.455
1836,10/27/2025 19:00,10.357
1837,10/27/2025 19:15,10.259
1838,10/27/2025 19:30,10.259
1839,10/27/2025 19:45,10.161
1840,10/27/2025 20:00,10.161
1841,10/27/2025 20:15,10.063
1842,10/27/2025 20:30,9.965
1843,10/27/2025 20:45,9.965
1844,10/27/2025 21:00,9.866
1845,10/27/2025 21:15,9.768
1846,10/27/2025 21:30,9.669
1847,10/27/2025 21:45,9.669
1848,10/27/2025 22:00,9.571
1849,10/27/2025 22:15,9.472
1850,10/27/2025 22:30,9.472
1851,10/27/2025 22:45,9.373
1852,10/27/2025 23:00,9.275
1853,10/27/2025 23:15,9.275
1854,10/27/2025 23:30,9.176
1855,10/27/2025 23:45,9.176
1856,10/28/2025 0:00,9.077
1857,10/28/2025 0:15,8.978
1858,10/28/2025 0:30,8.978
1859,10/28/2025 0:45,8.879
1860,10/28/2025 1:00,8.879
1861,10/28/2025 1:15,8.779
1862,10/28/2025 1:30,8.779
1863,10/28/2025 1:45,8.779
1864,10/28/2025 2:00,8.68
1865,10/28/2025 2:15,8.581
1866,10/28/2025 2:30,8.581
1867,10/28/2025 2:45,8.581
1868,10/28/2025 3:00,8.581
1869,10/28/2025 3:15,8.481
1870,10/28/2025 3:30,8.481
1871,10/28/2025 3:45,8.481
1872,10/28/2025 4:00,8.481
1873,10/28/2025 4:15,8.382
1874,10/28/2025 4:30,8.382
1875,10/28/2025 4:45,8.282
1876,10/28/2025 5:00,8.282
1877,10/28/2025 5:15,8.282
1878,10/28/2025 5:30,8.282
1879,10/28/2025 5:45,8.182
1880,10/28/2025 6:00,8.182
1881,10/28/2025 6:15,8.182
1882,10/28/2025 6:30,8.082
1883,10/28/2025 6:45,8.082
1884,10/28/2025 7:00,7.983
1885,10/28/2025 7:15,7.983
1886,10/28/2025 7:30,7.983
1887,10/28/2025 7:45,7.882
1888,10/28/2025 8:00,7.882
1889,10/28/2025 8:15,7.882
1890,10/28/2025 8:30,7.882
1891,10/28/2025 8:45,7.882
1892,10/28/2025 9:00,7.983
1893,10/28/2025 9:15,7.983
1894,10/28/2025 9:30,8.082
1895,10/28/2025 9:45,8.082
1896,10/28/2025 10:00,8.182
1897,10/28/2025 10:15,8.282
1898,10/28/2025 10:30,8.282
1899,10/28/2025 10:45,8.382
1900,10/28/2025 11:00,8.382
1901,10/28/2025 11:15,8.481
1902,10/28/2025 11:30,8.581
1903,10/28/2025 11:45,8.68
1904,10/28/2025 12:00,8.779
1905,10/28/2025 12:15,8.779
1906,10/28/2025 12:30,8.879
1907,10/28/2025 12:45,8.978
1908,10/28/2025 13:00,9.077
1909,10/28/2025 13:15,8.978
1910,10/28/2025 13:30,9.275
1911,10/28/2025 13:45,9.373
1912,10/28/2025 14:00,9.472
1913,10/28/2025 14:15,9.669
1914,10/28/2025 14:30,10.063
1915,10/28/2025 14:45,9.866
1916,10/28/2025 15:00,9.571
1917,10/28/2025 15:15,9.571
1918,10/28/2025 15:30,9.669
1919,10/28/2025 15:45,9.768
1920,10/28/2025 16:00,9.866
1921,10/28/2025 16:15,9.965
1922,10/28/2025 16:30,9.965
1923,10/28/2025 16:45,9.965
1924,10/28/2025 17:00,9.965
1925,10/28/2025 17:15,9.965
1926,10/28/2025 17:30,9.965
1927,10/28/2025 17:45,9.965
1928,10/28/2025 18:00,9.965
1929,10/28/2025 18:15,9.965
1930,10/28/2025 18:30,9.965
1931,10/28/2025 18:45,9.965
1932,10/28/2025 19:00,9.866
1933,10/28/2025 19:15,9.768
1934,10/28/2025 19:30,9.768
1935,10/28/2025 19:45,9.669
1936,10/28/2025 20:00,9.571
1937,10/28/2025 20:15,9.571
1938,10/28/2025 20:30,9.472
1939,10/28/2025 20:45,9.373
1940,10/28/2025 21:00,9.373
1941,10/28/2025 21:15,9.275
1942,10/28/2025 21:30,9.275
1943,10/28/2025 21:45,9.176
1944,10/28/2025 22:00,9.176
1945,10/28/2025 22:15,9.077
1946,10/28/2025 22:30,8.978
1947,10/28/2025 22:45,8.978
1948,10/28/2025 23:00,8.879
1949,10/28/2025 23:15,8.879
1950,10/28/2025 23:30,8.779
1951,10/28/2025 23:45,8.779
1952,10/29/2025 0:00,8.779
1953,10/29/2025 0:15,8.779
1954,10/29/2025 0:30,8.68
1955,10/29/2025 0:45,8.68
1956,10/29/2025 1:00,8.68
1957,10/29/2025 1:15,8.68
1958,10/29/2025 1:30,8.68
1959,10/29/2025 1:45,8.68
1960,10/29/2025 2:00,8.68
1961,10/29/2025 2:15,8.68
1962,10/29/2025 2:30,8.68
1963,10/29/2025 2:45,8.68
1964,10/29/2025 3:00,8.581
1965,10/29/2025 3:15,8.581
1966,10/29/2025 3:30,8.581
1967,10/29/2025 3:45,8.581
1968,10/29/2025 4:00,8.581
1969,10/29/2025 4:15,8.581
1970,10/29/2025 4:30,8.481
1971,10/29/2025 4:45,8.481
1972,10/29/2025 5:00,8.382
1973,10/29/2025 5:15,8.382
1974,10/29/2025 5:30,8.282
1975,10/29/2025 5:45,8.282
1976,10/29/2025 6:00,8.182
1977,10/29/2025 6:15,8.182
1978,10/29/2025 6:30,8.182
1979,10/29/2025 6:45,8.082
1980,10/29/2025 7:00,8.082
1981,10/29/2025 7:15,8.082
1982,10/29/2025 7:30,7.983
1983,10/29/2025 7:45,7.983
1984,10/29/2025 8:00,7.983
1985,10/29/2025 8:15,7.983
1986,10/29/2025 8:30,8.082
1987,10/29/2025 8:45,8.082
1988,10/29/2025 9:00,8.082
1989,10/29/2025 9:15,8.182
1990,10/29/2025 9:30,8.282
1991,10/29/2025 9:45,8.282
1992,10/29/2025 10:00,8.382
1993,10/29/2025 10:15,8.481
1994,10/29/2025 10:30,8.481
1995,10/29/2025 10:45,8.481
1996,10/29/2025 11:00,8.581
1997,10/29/2025 11:15,8.581
1998,10/29/2025 11:30,8.68
1999,10/29/2025 11:45,8.779
2000,10/29/2025 12:00,9.077
2001,10/29/2025 12:15,8.978
2002,10/29/2025 12:30,9.176
2003,10/29/2025 12:45,9.176
2004,10/29/2025 13:00,9.373
2005,10/29/2025 13:15,9.472
2006,10/29/2025 13:30,9.571
2007,10/29/2025 13:45,9.571
2008,10/29/2025 14:00,9.768
2009,10/29/2025 14:15,9.965
2010,10/29/2025 14:30,10.063
2011,10/29/2025 14:45,9.965
2012,10/29/2025 15:00,9.768
2013,10/29/2025 15:15,9.768
2014,10/29/2025 15:30,9.768
2015,10/29/2025 15:45,9.866
2016,10/29/2025 16:00,9.965
2017,10/29/2025 16:15,10.063
2018,10/29/2025 16:30,10.161
2019,10/29/2025 16:45,10.161
2020,10/29/2025 17:00,10.161
2021,10/29/2025 17:15,10.161
2022,10/29/2025 17:30,10.161
2023,10/29/2025 17:45,10.161
2024,10/29/2025 18:00,10.161
2025,10/29/2025 18:15,10.161
2026,10/29/2025 18:30,10.063
2027,10/29/2025 18:45,10.063
2028,10/29/2025 19:00,10.063
2029,10/29/2025 19:15,10.063
2030,10/29/2025 19:30,9.965
2031,10/29/2025 19:45,9.965
2032,10/29/2025 20:00,9.965
2033,10/29/2025 20:15,9.866
2034,10/29/2025 20:30,9.866
2035,10/29/2025 20:45,9.866
2036,10/29/2025 21:00,9.768
2037,10/29/2025 21:15,9.768
2038,10/29/2025 21:30,9.768
2039,10/29/2025 21:45,9.768
2040,10/29/2025 22:00,9.768
2041,10/29/2025 22:15,9.768
2042,10/29/2025 22:30,9.768
2043,10/29/2025 22:45,9.768
2044,10/29/2025 23:00,9.768
2045,10/29/2025 23:15,9.669
2046,10/29/2025 23:30,9.669
2047,10/29/2025 23:45,9.669
2048,10/30/2025 0:00,9.669
2049,10/30/2025 0:15,9.669
2050,10/30/2025 0:30,9.669
2051,10/30/2025 0:45,9.669
2052,10/30/2025 1:00,9.669
2053,10/30/2025 1:15,9.571
2054,10/30/2025 1:30,9.571
2055,10/30/2025 1:45,9.571
2056,10/30/2025 2:00,9.571
2057,10/30/2025 2:15,9.571
2058,10/30/2025 2:30,9.571
2059,10/30/2025 2:45,9.472
2060,10/30/2025 3:00,9.472
2061,10/30/2025 3:15,9.472
2062,10/30/2025 3:30,9.472
2063,10/30/2025 3:45,9.472
2064,10/30/2025 4:00,9.472
2065,10/30/2025 4:15,9.472
2066,10/30/2025 4:30,9.472
2067,10/30/2025 4:45,9.373
2068,10/30/2025 5:00,9.373
2069,10/30/2025 5:15,9.373
2070,10/30/2025 5:30,9.373
2071,10/30/2025 5:45,9.373
2072,10/30/2025 6:00,9.373
2073,10/30/2025 6:15,9.373
2074,10/30/2025 6:30,9.373
2075,10/30/2025 6:45,9.373
2076,10/30/2025 7:00,9.373
2077,10/30/2025 7:15,9.275
2078,10/30/2025 7:30,9.275
2079,10/30/2025 7:45,9.275
2080,10/30/2025 8:00,9.373
2081,10/30/2025 8:15,9.373
2082,10/30/2025 8:30,9.373
2083,10/30/2025 8:45,9.373
2084,10/30/2025 9:00,9.373
2085,10/30/2025 9:15,9.373
2086,10/30/2025 9:30,9.472
2087,10/30/2025 9:45,9.571
2088,10/30/2025 10:00,9.571
2089,10/30/2025 10:15,9.669
2090,10/30/2025 10:30,9.669
2091,10/30/2025 10:45,9.571
2092,10/30/2025 11:00,9.571
2093,10/30/2025 11:15,9.768
2094,10/30/2025 11:30,9.768
2095,10/30/2025 11:45,9.866
2096,10/30/2025 12:00,9.866
2097,10/30/2025 12:15,9.866
2098,10/30/2025 12:30,9.866
2099,10/30/2025 12:45,9.965
2100,10/30/2025 13:00,9.965
2101,10/30/2025 13:15,10.161
2102,10/30/2025 13:30,10.259
2103,10/30/2025 13:45,10.553
2104,10/30/2025 14:00,10.748
2105,10/30/2025 14:15,10.455
2106,10/30/2025 14:30,10.651
2107,10/30/2025 14:45,10.748
2108,10/30/2025 15:00,10.553
2109,10/30/2025 15:15,10.944
2110,10/30/2025 15:30,11.139
2111,10/30/2025 15:45,11.139
2112,10/30/2025 16:00,11.041
2113,10/30/2025 16:15,11.139
2114,10/30/2025 16:30,11.236
2115,10/30/2025 16:45,11.334
2116,10/30/2025 17:00,11.236
2117,10/30/2025 17:15,11.236
2118,10/30/2025 17:30,11.236
2119,10/30/2025 17:45,11.236
2120,10/30/2025 18:00,11.236
2121,10/30/2025 18:15,11.334
2122,10/30/2025 18:30,11.334
2123,10/30/2025 18:45,11.236
2124,10/30/2025 19:00,11.236
2125,10/30/2025 19:15,11.236
2126,10/30/2025 19:30,11.139
2127,10/30/2025 19:45,11.139
2128,10/30/2025 20:00,11.139
2129,10/30/2025 20:15,11.041
2130,10/30/2025 20:30,11.041
2131,10/30/2025 20:45,11.041
2132,10/30/2025 21:00,10.944
2133,10/30/2025 21:15,10.944
2134,10/30/2025 21:30,10.846
2135,10/30/2025 21:45,10.846
2136,10/30/2025 22:00,10.846
2137,10/30/2025 22:15,10.748
2138,10/30/2025 22:30,10.748
2139,10/30/2025 22:45,10.748
2140,10/30/2025 23:00,10.651
2141,10/30/2025 23:15,10.651
2142,10/30/2025 23:30,10.651
2143,10/30/2025 23:45,10.553
2144,10/31/2025 0:00,10.553
2145,10/31/2025 0:15,10.553
2146,10/31/2025 0:30,10.553
2147,10/31/2025 0:45,10.553
2148,10/31/2025 1:00,10.553
2149,10/31/2025 1:15,10.553
2150,10/31/2025 1:30,10.553
2151,10/31/2025 1:45,10.455
2152,10/31/2025 2:00,10.455
2153,10/31/2025 2:15,10.455
2154,10/31/2025 2:30,10.455
2155,10/31/2025 2:45,10.455
2156,10/31/2025 3:00,10.455
2157,10/31/2025 3:15,10.455
2158,10/31/2025 3:30,10.455
2159,10/31/2025 3:45,10.455
2160,10/31/2025 4:00,10.455
2161,10/31/2025 4:15,10.455
2162,10/31/2025 4:30,10.455
2163,10/31/2025 4:45,10.357
2164,10/31/2025 5:00,10.357
2165,10/31/2025 5:15,10.357
2166,10/31/2025 5:30,10.357
2167,10/31/2025 5:45,10.357
2168,10/31/2025 6:00,10.259
2169,10/31/2025 6:15,10.259
2170,10/31/2025 6:30,10.259
2171,10/31/2025 6:45,10.259
2172,10/31/2025 7:00,10.259
2173,10/31/2025 7:15,10.161
2174,10/31/2025 7:30,10.161
2175,10/31/2025 7:45,10.161
2176,10/31/2025 8:00,10.161
2177,10/31/2025 8:15,10.161
2178,10/31/2025 8:30,10.161
2179,10/31/2025 8:45,10.161
2180,10/31/2025 9:00,10.063
2181,10/31/2025 9:15,10.161
2182,10/31/2025 9:30,10.161
2183,10/31/2025 9:45,10.063
2184,10/31/2025 10:00,10.161
2185,10/31/2025 10:15,10.161
2186,10/31/2025 10:30,10.161
2187,10/31/2025 10:45,10.161
2188,10/31/2025 11:00,10.161
2189,10/31/2025 11:15,10.063
2190,10/31/2025 11:30,10.063
2191,10/31/2025 11:45,10.259
2192,10/31/2025 12:00,10.357
2193,10/31/2025 12:15,10.259
2194,10/31/2025 12:30,10.651
2195,10/31/2025 12:45,10.553
2196,10/31/2025 13:00,10.259
2197,10/31/2025 13:15,10.259
2198,10/31/2025 13:30,10.259
2199,10/31/2025 13:45,10.455
2200,10/31/2025 14:00,10.357
2201,10/31/2025 14:15,10.259
2202,10/31/2025 14:30,10.357
2203,10/31/2025 14:45,10.259
2204,10/31/2025 15:00,10.357
2205,10/31/2025 15:15,10.259
2206,10/31/2025 15:30,10.259
2207,10/31/2025 15:45,10.259
2208,10/31/2025 16:00,10.259
2209,10/31/2025 16:15,10.259
2210,10/31/2025 16:30,10.259
2211,10/31/2025 16:45,10.259
2212,10/31/2025 17:00,10.259
2213,10/31/2025 17:15,10.161
2214,10/31/2025 17:30,10.161
2215,10/31/2025 17:45,10.063
2216,10/31/2025 18:00,10.063
2217,10/31/2025 18:15,10.063
2218,10/31/2025 18:30,10.063
2219,10/31/2025 18:45,10.063
2220,10/31/2025 19:00,9.965
2221,10/31/2025 19:15,9.965
2222,10/31/2025 19:30,9.965
2223,10/31/2025 19:45,9.965
2224,10/31/2025 20:00,9.866
2225,10/31/2025 20:15,9.866
2226,10/31/2025 20:30,9.866
2227,10/31/2025 20:45,9.866
2228,10/31/2025 21:00,9.866
2229,10/31/2025 21:15,9.866
2230,10/31/2025 21:30,9.866
2231,10/31/2025 21:45,9.768
2232,10/31/2025 22:00,9.768
2233,10/31/2025 22:15,9.768
2234,10/31/2025 22:30,9.669
2235,10/31/2025 22:45,9.669
2236,10/31/2025 23:00,9.669
2237,10/31/2025 23:15,9.669
2238,10/31/2025 23:30,9.669
2239,10/31/2025 23:45,9.571
2240,11/1/2025 0:00,9.571
2241,11/1/2025 0:15,9.571
2242,11/1/2025 0:30,9.571
2243,11/1/2025 0:45,9.571
2244,11/1/2025 1:00,9.571
2245,11/1/2025 1:15,9.571
2246,11/1/2025 1:30,9.571
2247,11/1/2025 1:45,9.571
2248,11/1/2025 2:00,9.571
2249,11/1/2025 2:15,9.571
2250,11/1/2025 2:30,9.571
2251,11/1/2025 2:45,9.571
2252,11/1/2025 3:00,9.571
2253,11/1/2025 3:15,9.571
2254,11/1/2025 3:30,9.571
2255,11/1/2025 3:45,9.571
2256,11/1/2025 4:00,9.571
2257,11/1/2025 4:15,9.571
2258,11/1/2025 4:30,9.571
2259,11/1/2025 4:45,9.571
2260,11/1/2025 5:00,9.571
2261,11/1/2025 5:15,9.571
2262,11/1/2025 5:30,9.571
2263,11/1/2025 5:45,9.571
2264,11/1/2025 6:00,9.571
2265,11/1/2025 6:15,9.571
2266,11/1/2025 6:30,9.571
2267,11/1/2025 6:45,9.472
2268,11/1/2025 7:00,9.472
2269,11/1/2025 7:15,9.472
2270,11/1/2025 7:30,9.472
2271,11/1/2025 7:45,9.472
2272,11/1/2025 8:00,9.472
2273,11/1/2025 8:15,9.472
2274,11/1/2025 8:30,9.571
2275,11/1/2025 8:45,9.571
2276,11/1/2025 9:00,9.571
2277,11/1/2025 9:15,9.571
2278,11/1/2025 9:30,9.571
2279,11/1/2025 9:45,9.669
2280,11/1/2025 10:00,9.669
2281,11/1/2025 10:15,9.768
2282,11/1/2025 10:30,9.768
2283,11/1/2025 10:45,9.768
2284,11/1/2025 11:00,9.866
2285,11/1/2025 11:15,9.965
2286,11/1/2025 11:30,10.161
2287,11/1/2025 11:45,9.965
2288,11/1/2025 12:00,9.965
2289,11/1/2025 12:15,10.063
2290,11/1/2025 12:30,10.063
2291,11/1/2025 12:45,10.259
2292,11/1/2025 13:00,10.259
2293,11/1/2025 13:15,10.161
2294,11/1/2025 13:30,10.161
2295,11/1/2025 13:45,10.259
2296,11/1/2025 14:00,10.455
2297,11/1/2025 14:15,10.748
2298,11/1/2025 14:30,10.748
2299,11/1/2025 14:45,10.651
2300,11/1/2025 15:00,10.455
2301,11/1/2025 15:15,10.553
2302,11/1/2025 15:30,10.455
2303,11/1/2025 15:45,10.553
2304,11/1/2025 16:00,10.553
2305,11/1/2025 16:15,10.553
2306,11/1/2025 16:30,10.553
2307,11/1/2025 16:45,10.553
2308,11/1/2025 17:00,10.553
2309,11/1/2025 17:15,10.553
2310,11/1/2025 17:30,10.553
2311,11/1/2025 17:45,10.455
2312,11/1/2025 18:00,10.455
2313,11/1/2025 18:15,10.357
2314,11/1/2025 18:30,10.357
2315,11/1/2025 18:45,10.357
2316,11/1/2025 19:00,10.259
2317,11/1/2025 19:15,10.259
2318,11/1/2025 19:30,10.259
2319,11/1/2025 19:45,10.259
2320,11/1/2025 20:00,10.161
2321,11/1/2025 20:15,10.161
2322,11/1/2025 20:30,10.161
2323,11/1/2025 20:45,10.161
2324,11/1/2025 21:00,10.063
2325,11/1/2025 21:15,10.063
2326,11/1/2025 21:30,10.063
2327,11/1/2025 21:45,9.965
2328,11/1/2025 22:00,9.965
2329,11/1/2025 22:15,9.965
2330,11/1/2025 22:30,9.866
2331,11/1/2025 22:45,9.866
2332,11/1/2025 23:00,9.866
2333,11/1/2025 23:15,9.866
2334,11/1/2025 23:30,9.768
2335,11/1/2025 23:45,9.768
2336,11/2/2025 0:00,9.669
2337,11/2/2025 0:15,9.669
2338,11/2/2025 0:30,9.669
2339,11/2/2025 0:45,9.669
2340,11/2/2025 1:00,9.571
2341,11/2/2025 1:15,9.571
2342,11/2/2025 1:30,9.571
2343,11/2/2025 1:45,9.472
2344,11/2/2025 2:00,9.472
2345,11/2/2025 2:15,9.472
2346,11/2/2025 2:30,9.373
2347,11/2/2025 2:45,9.373
2348,11/2/2025 3:00,9.373
2349,11/2/2025 3:15,9.275
2350,11/2/2025 3:30,9.275
2351,11/2/2025 3:45,9.275
2352,11/2/2025 4:00,9.176
2353,11/2/2025 4:15,9.176
2354,11/2/2025 4:30,9.077
2355,11/2/2025 4:45,9.077
2356,11/2/2025 5:00,8.978
2357,11/2/2025 5:15,8.978
2358,11/2/2025 5:30,8.978
2359,11/2/2025 5:45,8.879
2360,11/2/2025 6:00,8.879
2361,11/2/2025 6:15,8.779
2362,11/2/2025 6:30,8.779
2363,11/2/2025 6:45,8.779
2364,11/2/2025 7:00,8.779
2365,11/2/2025 7:15,8.779
2366,11/2/2025 7:30,8.68
2367,11/2/2025 7:45,8.68
2368,11/2/2025 8:00,8.68
2369,11/2/2025 8:15,8.68
2370,11/2/2025 8:30,8.68
2371,11/2/2025 8:45,8.68
2372,11/2/2025 9:00,8.779
2373,11/2/2025 9:15,8.779
2374,11/2/2025 9:30,8.779
2375,11/2/2025 9:45,8.879
2376,11/2/2025 10:00,8.879
2377,11/2/2025 10:15,9.176
2378,11/2/2025 10:30,9.077
2379,11/2/2025 10:45,9.275
2380,11/2/2025 11:00,9.176
2381,11/2/2025 11:15,9.373
2382,11/2/2025 11:30,9.571
2383,11/2/2025 11:45,9.571
2384,11/2/2025 12:00,9.571
2385,11/2/2025 12:15,9.768
2386,11/2/2025 12:30,9.768
2387,11/2/2025 12:45,9.768
2388,11/2/2025 13:00,9.866
2389,11/2/2025 13:15,10.161
2390,11/2/2025 13:30,10.357
2391,11/2/2025 13:45,10.455
2392,11/2/2025 14:00,10.651
2393,11/2/2025 14:15,10.748
2394,11/2/2025 14:30,10.846
2395,11/2/2025 14:45,10.553
2396,11/2/2025 15:00,10.455
2397,11/2/2025 15:15,10.455
2398,11/2/2025 15:30,10.553
2399,11/2/2025 15:45,10.651
2400,11/2/2025 16:00,10.651
2401,11/2/2025 16:15,10.748
2402,11/2/2025 16:30,10.748
2403,11/2/2025 16:45,10.846
2404,11/2/2025 17:00,10.846
2405,11/2/2025 17:15,10.846
2406,11/2/2025 17:30,10.846
2407,11/2/2025 17:45,10.846
2408,11/2/2025 18:00,10.846
2409,11/2/2025 18:15,10.748
2410,11/2/2025 18:30,10.748
2411,11/2/2025 18:45,10.748
2412,11/2/2025 19:00,10.651
2413,11/2/2025 19:15,10.651
2414,11/2/2025 19:30,10.553
2415,11/2/2025 19:45,10.553
2416,11/2/2025 20:00,10.455
2417,11/2/2025 20:15,10.455
2418,11/2/2025 20:30,10.357
2419,11/2/2025 20:45,10.357
2420,11/2/2025 21:00,10.259
2421,11/2/2025 21:15,10.259
2422,11/2/2025 21:30,10.161
2423,11/2/2025 21:45,10.161
2424,11/2/2025 22:00,10.063
2425,11/2/2025 22:15,10.063
2426,11/2/2025 22:30,9.965
2427,11/2/2025 22:45,9.965
2428,11/2/2025 23:00,9.965
2429,11/2/2025 23:15,9.866
2430,11/2/2025 23:30,9.866
2431,11/2/2025 23:45,9.768
2432,11/3/2025 0:00,9.768
2433,11/3/2025 0:15,9.669
2434,11/3/2025 0:30,9.669
2435,11/3/2025 0:45,9.571
2436,11/3/2025 1:00,9.571
2437,11/3/2025 1:15,9.472
2438,11/3/2025 1:30,9.472
2439,11/3/2025 1:45,9.373
2440,11/3/2025 2:00,9.373
2441,11/3/2025 2:15,9.373
2442,11/3/2025 2:30,9.275
2443,11/3/2025 2:45,9.275
2444,11/3/2025 3:00,9.176
2445,11/3/2025 3:15,9.176
2446,11/3/2025 3:30,9.176
2447,11/3/2025 3:45,9.077
2448,11/3/2025 4:00,9.077
2449,11/3/2025 4:15,8.978
2450,11/3/2025 4:30,8.978
2451,11/3/2025 4:45,8.978
2452,11/3/2025 5:00,8.978
2453,11/3/2025 5:15,8.879
2454,11/3/2025 5:30,8.879
2455,11/3/2025 5:45,8.879
2456,11/3/2025 6:00,8.779
2457,11/3/2025 6:15,8.779
2458,11/3/2025 6:30,8.779
2459,11/3/2025 6:45,8.779
2460,11/3/2025 7:00,8.68
2461,11/3/2025 7:15,8.68
2462,11/3/2025 7:30,8.581
2463,11/3/2025 7:45,8.581
2464,11/3/2025 8:00,8.581
2465,11/3/2025 8:15,8.581
2466,11/3/2025 8:30,8.581
2467,11/3/2025 8:45,8.581
2468,11/3/2025 9:00,8.581
2469,11/3/2025 9:15,8.581
2470,11/3/2025 9:30,8.68
2471,11/3/2025 9:45,8.68
2472,11/3/2025 10:00,8.779
2473,11/3/2025 10:15,8.978
2474,11/3/2025 10:30,8.879
2475,11/3/2025 10:45,9.077
2476,11/3/2025 11:00,9.077
2477,11/3/2025 11:15,9.275
2478,11/3/2025 11:30,9.571
2479,11/3/2025 11:45,9.472
2480,11/3/2025 12:00,9.373
2481,11/3/2025 12:15,9.373
2482,11/3/2025 12:30,9.669
2483,11/3/2025 12:45,9.669
2484,11/3/2025 13:00,9.965
2485,11/3/2025 13:15,10.259
2486,11/3/2025 13:30,10.357
2487,11/3/2025 13:45,10.357
2488,11/3/2025 14:00,10.455
2489,11/3/2025 14:15,10.259
2490,11/3/2025 14:30,10.259
2491,11/3/2025 14:45,10.357
2492,11/3/2025 15:00,10.455
2493,11/3/2025 15:15,10.455
2494,11/3/2025 15:30,10.455
2495,11/3/2025 15:45,10.553
2496,11/3/2025 16:00,10.553
2497,11/3/2025 16:15,10.553
2498,11/3/2025 16:30,10.553
2499,11/3/2025 16:45,10.553
2500,11/3/2025 17:00,10.455
2501,11/3/2025 17:15,10.357
2502,11/3/2025 17:30,10.357
2503,11/3/2025 17:45,10.259
2504,11/3/2025 18:00,10.259
2505,11/3/2025 18:15,10.161
2506,11/3/2025 18:30,10.161
2507,11/3/2025 18:45,10.063
2508,11/3/2025 19:00,9.965
2509,11/3/2025 19:15,9.965
2510,11/3/2025 19:30,9.866
2511,11/3/2025 19:45,9.866
2512,11/3/2025 20:00,9.768
2513,11/3/2025 20:15,9.768
2514,11/3/2025 20:30,9.768
2515,11/3/2025 20:45,9.669
2516,11/3/2025 21:00,9.669
2517,11/3/2025 21:15,9.571
2518,11/3/2025 21:30,9.571
2519,11/3/2025 21:45,9.571
2520,11/3/2025 22:00,9.571
2521,11/3/2025 22:15,9.472
2522,11/3/2025 22:30,9.472
2523,11/3/2025 22:45,9.472
2524,11/3/2025 23:00,9.373
2525,11/3/2025 23:15,9.373
2526,11/3/2025 23:30,9.275
2527,11/3/2025 23:45,9.373
2528,11/4/2025 0:00,9.373
2529,11/4/2025 0:15,9.275
2530,11/4/2025 0:30,9.275
2531,11/4/2025 0:45,9.275
2532,11/4/2025 1:00,9.176
2533,11/4/2025 1:15,9.176
2534,11/4/2025 1:30,9.077
2535,11/4/2025 1:45,9.077
2536,11/4/2025 2:00,9.077
2537,11/4/2025 2:15,9.077
2538,11/4/2025 2:30,9.077
2539,11/4/2025 2:45,9.077
2540,11/4/2025 3:00,9.077
2541,11/4/2025 3:15,8.978
2542,11/4/2025 3:30,8.978
2543,11/4/2025 3:45,8.978
2544,11/4/2025 4:00,8.879
2545,11/4/2025 4:15,8.879
2546,11/4/2025 4:30,8.879
2547,11/4/2025 4:45,8.779
2548,11/4/2025 5:00,8.779
2549,11/4/2025 5:15,8.779
2550,11/4/2025 5:30,8.779
2551,11/4/2025 5:45,8.68
2552,11/4/2025 6:00,8.68
2553,11/4/2025 6:15,8.68
2554,11/4/2025 6:30,8.68
2555,11/4/2025 6:45,8.581
2556,11/4/2025 7:00,8.581
2557,11/4/2025 7:15,8.581
2558,11/4/2025 7:30,8.581
2559,11/4/2025 7:45,8.581
2560,11/4/2025 8:00,8.581
2561,11/4/2025 8:15,8.581
2562,11/4/2025 8:30,8.581
2563,11/4/2025 8:45,8.581
2564,11/4/2025 9:00,8.68
2565,11/4/2025 9:15,8.68
2566,11/4/2025 9:30,8.68
2567,11/4/2025 9:45,8.779
2568,11/4/2025 10:00,8.779
2569,11/4/2025 10:15,8.879
2570,11/4/2025 10:30,8.879
2571,11/4/2025 10:45,9.077
2572,11/4/2025 11:00,8.978
2573,11/4/2025 11:15,9.176
2574,11/4/2025 11:30,9.373
2575,11/4/2025 11:45,9.275
2576,11/4/2025 12:00,9.472
2577,11/4/2025 12:15,9.472
2578,11/4/2025 12:30,9.571
2579,11/4/2025 12:45,9.472
2580,11/4/2025 13:00,9.669
2581,11/4/2025 13:15,9.866
2582,11/4/2025 13:30,10.161
2583,11/4/2025 13:45,10.063
2584,11/4/2025 14:00,10.651
2585,11/4/2025 14:15,11.041
2586,11/4/2025 14:30,10.748
2587,11/4/2025 14:45,10.161
2588,11/4/2025 15:00,9.965
2589,11/4/2025 15:15,9.965
2590,11/4/2025 15:30,9.965
2591,11/4/2025 15:45,10.063
2592,11/4/2025 16:00,9.965
2593,11/4/2025 16:15,9.965
2594,11/4/2025 16:30,10.063
2595,11/4/2025 16:45,10.063
2596,11/4/2025 17:00,10.063
2597,11/4/2025 17:15,10.063
2598,11/4/2025 17:30,9.965
2599,11/4/2025 17:45,9.965
2600,11/4/2025 18:00,9.965
2601,11/4/2025 18:15,9.866
2602,11/4/2025 18:30,9.866
2603,11/4/2025 18:45,9.866
2604,11/4/2025 19:00,9.768
2605,11/4/2025 19:15,9.768
2606,11/4/2025 19:30,9.768
2607,11/4/2025 19:45,9.669
2608,11/4/2025 20:00,9.669
2609,11/4/2025 20:15,9.571
2610,11/4/2025 20:30,9.571
2611,11/4/2025 20:45,9.571
2612,11/4/2025 21:00,9.472
2613,11/4/2025 21:15,9.472
2614,11/4/2025 21:30,9.373
2615,11/4/2025 21:45,9.373
2616,11/4/2025 22:00,9.373
2617,11/4/2025 22:15,9.275
2618,11/4/2025 22:30,9.275
2619,11/4/2025 22:45,9.275
2620,11/4/2025 23:00,9.176
2621,11/4/2025 23:15,9.176
2622,11/4/2025 23:30,9.176
2623,11/4/2025 23:45,9.176
2624,11/5/2025 0:00,9.077
2625,11/5/2025 0:15,9.077
2626,11/5/2025 0:30,9.077
2627,11/5/2025 0:45,8.978
2628,11/5/2025 1:00,8.978
2629,11/5/2025 1:15,8.978
2630,11/5/2025 1:30,8.978
2631,11/5/2025 1:45,8.978
2632,11/5/2025 2:00,8.879
2633,11/5/2025 2:15,8.879
2634,11/5/2025 2:30,8.978
2635,11/5/2025 2:45,8.879
2636,11/5/2025 3:00,8.879
2637,11/5/2025 3:15,8.779
2638,11/5/2025 3:30,8.779
2639,11/5/2025 3:45,8.779
2640,11/5/2025 4:00,8.779
2641,11/5/2025 4:15,8.68
2642,11/5/2025 4:30,8.68
2643,11/5/2025 4:45,8.68
2644,11/5/2025 5:00,8.68
2645,11/5/2025 5:15,8.68
2646,11/5/2025 5:30,8.68
2647,11/5/2025 5:45,8.68
2648,11/5/2025 6:00,8.581
2649,11/5/2025 6:15,8.68
2650,11/5/2025 6:30,8.68
2651,11/5/2025 6:45,8.581
2652,11/5/2025 7:00,8.581
2653,11/5/2025 7:15,8.581
2654,11/5/2025 7:30,8.581
2655,11/5/2025 7:45,8.581
2656,11/5/2025 8:00,8.581
2657,11/5/2025 8:15,8.581
2658,11/5/2025 8:30,8.581
2659,11/5/2025 8:45,8.68
2660,11/5/2025 9:00,8.68
2661,11/5/2025 9:15,8.779
2662,11/5/2025 9:30,8.779
2663,11/5/2025 9:45,8.978
2664,11/5/2025 10:00,9.077
2665,11/5/2025 10:15,9.077
2666,11/5/2025 10:30,9.275
2667,11/5/2025 10:45,9.571
2668,11/5/2025 11:00,9.373
2669,11/5/2025 11:15,9.472
2670,11/5/2025 11:30,9.669
2671,11/5/2025 11:45,9.472
2672,11/5/2025 12:00,9.571
2673,11/5/2025 12:15,9.669
2674,11/5/2025 12:30,9.768
2675,11/5/2025 12:45,9.866
2676,11/5/2025 13:00,10.063
2677,11/5/2025 13:15,10.259
2678,11/5/2025 13:30,10.259
2679,11/5/2025 13:45,10.748
2680,11/5/2025 14:00,10.944
2681,11/5/2025 14:15,11.236
2682,11/5/2025 14:30,10.846
2683,11/5/2025 14:45,10.553
2684,11/5/2025 15:00,10.651
2685,11/5/2025 15:15,10.748
2686,11/5/2025 15:30,10.651
2687,11/5/2025 15:45,10.455
2688,11/5/2025 16:00,10.553
2689,11/5/2025 16:15,10.748
2690,11/5/2025 16:30,10.651
2691,11/5/2025 16:45,10.748
2692,11/5/2025 17:00,10.748
2693,11/5/2025 17:15,10.748
2694,11/5/2025 17:30,10.748
2695,11/5/2025 17:45,10.748
2696,11/5/2025 18:00,10.748
2697,11/5/2025 18:15,10.846
2698,11/5/2025 18:30,10.846
2699,11/5/2025 18:45,10.846
2700,11/5/2025 19:00,10.846
2701,11/5/2025 19:15,10.748
2702,11/5/2025 19:30,10.748
2703,11/5/2025 19:45,10.651
2704,11/5/2025 20:00,10.651
2705,11/5/2025 20:15,10.651
2706,11/5/2025 20:30,10.651
2707,11/5/2025 20:45,10.651
2708,11/5/2025 21:00,10.553
2709,11/5/2025 21:15,10.553
2710,11/5/2025 21:30,10.455
2711,11/5/2025 21:45,10.455
2712,11/5/2025 22:00,10.455
2713,11/5/2025 22:15,10.357
2714,11/5/2025 22:30,10.357
2715,11/5/2025 22:45,10.357
2716,11/5/2025 23:00,10.259
2717,11/5/2025 23:15,10.259
2718,11/5/2025 23:30,10.161
2719,11/5/2025 23:45,10.161
2720,11/6/2025 0:00,10.063
2721,11/6/2025 0:15,10.063
2722,11/6/2025 0:30,10.063
2723,11/6/2025 0:45,10.063
2724,11/6/2025 1:00,9.965
2725,11/6/2025 1:15,9.965
2726,11/6/2025 1:30,9.965
2727,11/6/2025 1:45,9.866
2728,11/6/2025 2:00,9.866
2729,11/6/2025 2:15,9.768
2730,11/6/2025 2:30,9.768
2731,11/6/2025 2:45,9.768
2732,11/6/2025 3:00,9.669
2733,11/6/2025 3:15,9.669
2734,11/6/2025 3:30,9.669
2735,11/6/2025 3:45,9.571
2736,11/6/2025 4:00,9.571
2737,11/6/2025 4:15,9.571
2738,11/6/2025 4:30,9.472
2739,11/6/2025 4:45,9.472
2740,11/6/2025 5:00,9.472
2741,11/6/2025 5:15,9.373
2742,11/6/2025 5:30,9.373
2743,11/6/2025 5:45,9.373
2744,11/6/2025 6:00,9.275
2745,11/6/2025 6:15,9.275
2746,11/6/2025 6:30,9.275
2747,11/6/2025 6:45,9.176
2748,11/6/2025 7:00,9.176
2749,11/6/2025 7:15,9.176
2750,11/6/2025 7:30,9.077
2751,11/6/2025 7:45,9.077
2752,11/6/2025 8:00,9.077
2753,11/6/2025 8:15,9.077
2754,11/6/2025 8:30,9.077
2755,11/6/2025 8:45,9.176
2756,11/6/2025 9:00,9.275
2757,11/6/2025 9:15,9.275
2758,11/6/2025 9:30,9.176
2759,11/6/2025 9:45,9.373
2760,11/6/2025 10:00,9.373
2761,11/6/2025 10:15,9.373
2762,11/6/2025 10:30,9.472
2763,11/6/2025 10:45,9.571
2764,11/6/2025 11:00,9.571
2765,11/6/2025 11:15,9.571
2766,11/6/2025 11:30,9.866
2767,11/6/2025 11:45,9.768
2768,11/6/2025 12:00,9.669
2769,11/6/2025 12:15,9.768
2770,11/6/2025 12:30,9.965
2771,11/6/2025 12:45,9.965
2772,11/6/2025 13:00,9.866
2773,11/6/2025 13:15,9.866
2774,11/6/2025 13:30,10.259
2775,11/6/2025 13:45,9.965
2776,11/6/2025 14:00,10.063
2777,11/6/2025 14:15,9.965
2778,11/6/2025 14:30,9.866
2779,11/6/2025 14:45,9.965
2780,11/6/2025 15:00,10.063
2781,11/6/2025 15:15,9.965
2782,11/6/2025 15:30,10.063
2783,11/6/2025 15:45,9.866
2784,11/6/2025 16:00,9.768
2785,11/6/2025 16:15,9.768
2786,11/6/2025 16:30,9.768
2787,11/6/2025 16:45,9.669
2788,11/6/2025 17:00,9.768
2789,11/6/2025 17:15,9.768
2790,11/6/2025 17:30,9.669
2791,11/6/2025 17:45,9.669
2792,11/6/2025 18:00,9.571
2793,11/6/2025 18:15,9.571
2794,11/6/2025 18:30,9.472
2795,11/6/2025 18:45,9.472
2796,11/6/2025 19:00,9.472
2797,11/6/2025 19:15,9.373
2798,11/6/2025 19:30,9.373
2799,11/6/2025 19:45,9.275
2800,11/6/2025 20:00,9.275
2801,11/6/2025 20:15,9.275
2802,11/6/2025 20:30,9.275
2803,11/6/2025 20:45,9.176
2804,11/6/2025 21:00,9.176
2805,11/6/2025 21:15,9.176
2806,11/6/2025 21:30,9.077
2807,11/6/2025 21:45,9.077
2808,11/6/2025 22:00,8.978
2809,11/6/2025 22:15,8.978
2810,11/6/2025 22:30,8.978
2811,11/6/2025 22:45,8.879
2812,11/6/2025 23:00,8.879
2813,11/6/2025 23:15,8.779
2814,11/6/2025 23:30,8.779
2815,11/6/2025 23:45,8.779
2816,11/7/2025 0:00,8.68
2817,11/7/2025 0:15,8.68
2818,11/7/2025 0:30,8.68
2819,11/7/2025 0:45,8.581
2820,11/7/2025 1:00,8.581
2821,11/7/2025 1:15,8.581
2822,11/7/2025 1:30,8.481
2823,11/7/2025 1:45,8.481
2824,11/7/2025 2:00,8.481
2825,11/7/2025 2:15,8.382
2826,11/7/2025 2:30,8.382
2827,11/7/2025 2:45,8.382
2828,11/7/2025 3:00,8.382
2829,11/7/2025 3:15,8.282
2830,11/7/2025 3:30,8.282
2831,11/7/2025 3:45,8.282
2832,11/7/2025 4:00,8.182
2833,11/7/2025 4:15,8.182
2834,11/7/2025 4:30,8.182
2835,11/7/2025 4:45,8.082
2836,11/7/2025 5:00,8.082
2837,11/7/2025 5:15,8.082
2838,11/7/2025 5:30,8.082
2839,11/7/2025 5:45,7.983
2840,11/7/2025 6:00,7.983
2841,11/7/2025 6:15,7.983
2842,11/7/2025 6:30,7.983
2843,11/7/2025 6:45,7.983
2844,11/7/2025 7:00,7.882
2845,11/7/2025 7:15,7.882
2846,11/7/2025 7:30,7.882
2847,11/7/2025 7:45,7.882
2848,11/7/2025 8:00,7.882
2849,11/7/2025 8:15,7.882
2850,11/7/2025 8:30,7.882
2851,11/7/2025 8:45,7.882
2852,11/7/2025 9:00,7.882
2853,11/7/2025 9:15,7.882
2854,11/7/2025 9:30,7.882
2855,11/7/2025 9:45,7.882
2856,11/7/2025 10:00,7.983
2857,11/7/2025 10:15,7.983
2858,11/7/2025 10:30,8.182
2859,11/7/2025 10:45,8.182
2860,11/7/2025 11:00,8.182
2861,11/7/2025 11:15,8.382
2862,11/7/2025 11:30,8.382
2863,11/7/2025 11:45,8.581
2864,11/7/2025 12:00,8.581
2865,11/7/2025 12:15,8.68
2866,11/7/2025 12:30,8.68
2867,11/7/2025 12:45,8.879
2868,11/7/2025 13:00,8.978
2869,11/7/2025 13:15,8.879
2870,11/7/2025 13:30,9.077
2871,11/7/2025 13:45,8.879
2872,11/7/2025 14:00,9.077
2873,11/7/2025 14:15,9.275
2874,11/7/2025 14:30,9.275
2875,11/7/2025 14:45,9.472
2876,11/7/2025 15:00,9.373
2877,11/7/2025 15:15,9.373
2878,11/7/2025 15:30,9.373
2879,11/7/2025 15:45,9.472
2880,11/7/2025 16:00,9.373
2881,11/7/2025 16:15,9.373
2882,11/7/2025 16:30,9.373
2883,11/7/2025 16:45,9.275
2884,11/7/2025 17:00,9.275
2885,11/7/2025 17:15,9.275
2886,11/7/2025 17:30,9.275
2887,11/7/2025 17:45,9.275
2888,11/7/2025 18:00,9.373
2889,11/7/2025 18:15,9.373
2890,11/7/2025 18:30,9.373
2891,11/7/2025 18:45,9.373
2892,11/7/2025 19:00,9.373
2893,11/7/2025 19:15,9.373
2894,11/7/2025 19:30,9.373
2895,11/7/2025 19:45,9.373
2896,11/7/2025 20:00,9.373
2897,11/7/2025 20:15,9.373
2898,11/7/2025 20:30,9.373
2899,11/7/2025 20:45,9.373
2900,11/7/2025 21:00,9.373
2901,11/7/2025 21:15,9.373
2902,11/7/2025 21:30,9.373
2903,11/7/2025 21:45,9.373
2904,11/7/2025 22:00,9.373
2905,11/7/2025 22:15,9.373
2906,11/7/2025 22:30,9.373
2907,11/7/2025 22:45,9.373
2908,11/7/2025 23:00,9.373
2909,11/7/2025 23:15,9.373
2910,11/7/2025 23:30,9.373
2911,11/7/2025 23:45,9.373
2912,11/8/2025 0:00,9.373
2913,11/8/2025 0:15,9.373
2914,11/8/2025 0:30,9.472
2915,11/8/2025 0:45,9.472
2916,11/8/2025 1:00,9.472
2917,11/8/2025 1:15,9.472
2918,11/8/2025 1:30,9.472
2919,11/8/2025 1:45,9.472
2920,11/8/2025 2:00,9.472
2921,11/8/2025 2:15,9.373
2922,11/8/2025 2:30,9.373
2923,11/8/2025 2:45,9.373
2924,11/8/2025 3:00,9.373
2925,11/8/2025 3:15,9.373
2926,11/8/2025 3:30,9.373
2927,11/8/2025 3:45,9.373
2928,11/8/2025 4:00,9.275
2929,11/8/2025 4:15,9.275
2930,11/8/2025 4:30,9.275
2931,11/8/2025 4:45,9.275
2932,11/8/2025 5:00,9.275
2933,11/8/2025 5:15,9.275
2934,11/8/2025 5:30,9.275
2935,11/8/2025 5:45,9.275
2936,11/8/2025 6:00,9.275
2937,11/8/2025 6:15,9.275
2938,11/8/2025 6:30,9.275
2939,11/8/2025 6:45,9.275
2940,11/8/2025 7:00,9.275
2941,11/8/2025 7:15,9.275
2942,11/8/2025 7:30,9.275
2943,11/8/2025 7:45,9.275
2944,11/8/2025 8:00,9.275
2945,11/8/2025 8:15,9.275
2946,11/8/2025 8:30,9.275
2947,11/8/2025 8:45,9.373
2948,11/8/2025 9:00,9.373
2949,11/8/2025 9:15,9.373
2950,11/8/2025 9:30,9.472
2951,11/8/2025 9:45,9.472
2952,11/8/2025 10:00,9.472
2953,11/8/2025 10:15,9.571
2954,11/8/2025 10:30,9.571
2955,11/8/2025 10:45,9.669
2956,11/8/2025 11:00,9.669
2957,11/8/2025 11:15,9.768
2958,11/8/2025 11:30,9.965
2959,11/8/2025 11:45,9.965
2960,11/8/2025 12:00,9.965
2961,11/8/2025 12:15,10.161
2962,11/8/2025 12:30,10.259
2963,11/8/2025 12:45,10.259
2964,11/8/2025 13:00,10.357
2965,11/8/2025 13:15,10.651
2966,11/8/2025 13:30,10.651
2967,11/8/2025 13:45,10.748
2968,11/8/2025 14:00,10.357
2969,11/8/2025 14:15,10.259
2970,11/8/2025 14:30,10.553
2971,11/8/2025 14:45,10.553
2972,11/8/2025 15:00,10.651
2973,11/8/2025 15:15,10.651
2974,11/8/2025 15:30,10.748
2975,11/8/2025 15:45,10.748
2976,11/8/2025 16:00,10.748
2977,11/8/2025 16:15,10.748
2978,11/8/2025 16:30,10.748
2979,11/8/2025 16:45,10.748
2980,11/8/2025 17:00,10.748
2981,11/8/2025 17:15,10.748
2982,11/8/2025 17:30,10.846
2983,11/8/2025 17:45,10.748
2984,11/8/2025 18:00,10.748
2985,11/8/2025 18:15,10.748
2986,11/8/2025 18:30,10.748
2987,11/8/2025 18:45,10.748
2988,11/8/2025 19:00,10.651
2989,11/8/2025 19:15,10.651
2990,11/8/2025 19:30,10.651
2991,11/8/2025 19:45,10.651
2992,11/8/2025 20:00,10.651
2993,11/8/2025 20:15,10.651
2994,11/8/2025 20:30,10.651
2995,11/8/2025 20:45,10.651
2996,11/8/2025 21:00,10.553
2997,11/8/2025 21:15,10.553
2998,11/8/2025 21:30,10.455
2999,11/8/2025 21:45,10.455
3000,11/8/2025 22:00,10.455
3001,11/8/2025 22:15,10.455
3002,11/8/2025 22:30,10.455
3003,11/8/2025 22:45,10.357
3004,11/8/2025 23:00,10.357
3005,11/8/2025 23:15,10.357
3006,11/8/2025 23:30,10.259
3007,11/8/2025 23:45,10.259
3008,11/9/2025 0:00,10.161
3009,11/9/2025 0:15,10.161
3010,11/9/2025 0:30,10.161
3011,11/9/2025 0:45,10.063
3012,11/9/2025 1:00,10.063
3013,11/9/2025 1:15,10.063
3014,11/9/2025 1:30,9.965
3015,11/9/2025 1:45,9.965
3016,11/9/2025 2:00,9.965
3017,11/9/2025 2:15,9.965
3018,11/9/2025 2:30,9.866
3019,11/9/2025 2:45,9.866
3020,11/9/2025 3:00,9.866
3021,11/9/2025 3:15,9.866
3022,11/9/2025 3:30,9.866
3023,11/9/2025 3:45,9.866
3024,11/9/2025 4:00,9.866
3025,11/9/2025 4:15,9.866
3026,11/9/2025 4:30,9.768
3027,11/9/2025 4:45,9.768
3028,11/9/2025 5:00,9.669
3029,11/9/2025 5:15,9.669
3030,11/9/2025 5:30,9.669
3031,11/9/2025 5:45,9.669
3032,11/9/2025 6:00,9.669
3033,11/9/2025 6:15,9.571
3034,11/9/2025 6:30,9.571
3035,11/9/2025 6:45,9.571
3036,11/9/2025 7:00,9.472
3037,11/9/2025 7:15,9.472
3038,11/9/2025 7:30,9.472
3039,11/9/2025 7:45,9.472
3040,11/9/2025 8:00,9.472
3041,11/9/2025 8:15,9.472
3042,11/9/2025 8:30,9.472
3043,11/9/2025 8:45,9.472
3044,11/9/2025 9:00,9.571
3045,11/9/2025 9:15,9.571
3046,11/9/2025 9:30,9.669
3047,11/9/2025 9:45,9.768
3048,11/9/2025 10:00,9.768
3049,11/9/2025 10:15,9.866
3050,11/9/2025 10:30,9.768
3051,11/9/2025 10:45,9.965
3052,11/9/2025 11:00,10.161
3053,11/9/2025 11:15,10.161
3054,11/9/2025 11:30,10.161
3055,11/9/2025 11:45,10.161
3056,11/9/2025 12:00,10.357
3057,11/9/2025 12:15,10.651
3058,11/9/2025 12:30,10.748
3059,11/9/2025 12:45,10.846
3060,11/9/2025 13:00,10.944
3061,11/9/2025 13:15,11.041
3062,11/9/2025 13:30,10.846
3063,11/9/2025 13:45,11.041
3064,11/9/2025 14:00,11.236
3065,11/9/2025 14:15,10.553
3066,11/9/2025 14:30,10.553
3067,11/9/2025 14:45,10.553
3068,11/9/2025 15:00,10.553
3069,11/9/2025 15:15,10.651
3070,11/9/2025 15:30,10.748
3071,11/9/2025 15:45,10.944
3072,11/9/2025 16:00,11.041
3073,11/9/2025 16:15,11.041
3074,11/9/2025 16:30,11.041
3075,11/9/2025 16:45,11.041
3076,11/9/2025 17:00,11.041
3077,11/9/2025 17:15,11.041
3078,11/9/2025 17:30,11.041
3079,11/9/2025 17:45,10.944
3080,11/9/2025 18:00,10.944
3081,11/9/2025 18:15,10.944
3082,11/9/2025 18:30,11.041
3083,11/9/2025 18:45,10.944
3084,11/9/2025 19:00,10.944
3085,11/9/2025 19:15,10.944
3086,11/9/2025 19:30,10.944
3087,11/9/2025 19:45,10.944
3088,11/9/2025 20:00,10.846
3089,11/9/2025 20:15,10.846
3090,11/9/2025 20:30,10.748
3091,11/9/2025 20:45,10.748
3092,11/9/2025 21:00,10.748
3093,11/9/2025 21:15,10.748
3094,11/9/2025 21:30,10.748
3095,11/9/2025 21:45,10.651
3096,11/9/2025 22:00,10.651
3097,11/9/2025 22:15,10.651
3098,11/9/2025 22:30,10.651
3099,11/9/2025 22:45,10.553
3100,11/9/2025 23:00,10.553
3101,11/9/2025 23:15,10.553
3102,11/9/2025 23:30,10.553
3103,11/9/2025 23:45,10.553
3104,11/10/2025 0:00,10.553
3105,11/10/2025 0:15,10.553
3106,11/10/2025 0:30,10.553
3107,11/10/2025 0:45,10.455
3108,11/10/2025 1:00,10.455
3109,11/10/2025 1:15,10.455
3110,11/10/2025 1:30,10.455
3111,11/10/2025 1:45,10.357
3112,11/10/2025 2:00,10.357
3113,11/10/2025 2:15,10.357
3114,11/10/2025 2:30,10.357
3115,11/10/2025 2:45,10.357
3116,11/10/2025 3:00,10.357
3117,11/10/2025 3:15,10.259
3118,11/10/2025 3:30,10.259
3119,11/10/2025 3:45,10.259
3120,11/10/2025 4:00,10.161
3121,11/10/2025 4:15,10.161
3122,11/10/2025 4:30,10.161
3123,11/10/2025 4:45,10.063
3124,11/10/2025 5:00,10.063
3125,11/10/2025 5:15,10.063
3126,11/10/2025 5:30,10.063
3127,11/10/2025 5:45,10.063
3128,11/10/2025 6:00,10.063
3129,11/10/2025 6:15,9.965
3130,11/10/2025 6:30,9.965
3131,11/10/2025 6:45,9.965
3132,11/10/2025 7:00,9.965
3133,11/10/2025 7:15,9.866
3134,11/10/2025 7:30,9.866
3135,11/10/2025 7:45,9.866
3136,11/10/2025 8:00,9.866
3137,11/10/2025 8:15,9.866
3138,11/10/2025 8:30,9.768
3139,11/10/2025 8:45,9.768
3140,11/10/2025 9:00,9.768
3141,11/10/2025 9:15,9.768
3142,11/10/2025 9:30,9.768
3143,11/10/2025 9:45,9.768
3144,11/10/2025 10:00,9.669
3145,11/10/2025 10:15,9.768
3146,11/10/2025 10:30,9.768
3147,11/10/2025 10:45,9.669
3148,11/10/2025 11:00,9.669
3149,11/10/2025 11:15,9.669
3150,11/10/2025 11:30,9.571
3151,11/10/2025 11:45,9.571
3152,11/10/2025 12:00,9.571
3153,11/10/2025 12:15,9.571
3154,11/10/2025 12:30,9.571
3155,11/10/2025 12:45,9.472
3156,11/10/2025 13:00,9.472
3157,11/10/2025 13:15,9.472
3158,11/10/2025 13:30,9.472
3159,11/10/2025 13:45,9.472
3160,11/10/2025 14:00,9.472
3161,11/10/2025 14:15,9.472
3162,11/10/2025 14:30,9.472
3163,11/10/2025 14:45,9.373
3164,11/10/2025 15:00,9.373
3165,11/10/2025 15:15,9.275
3166,11/10/2025 15:30,9.275
3167,11/10/2025 15:45,9.275
3168,11/10/2025 16:00,9.176
3169,11/10/2025 16:15,9.176
3170,11/10/2025 16:30,9.176
3171,11/10/2025 16:45,9.176
3172,11/10/2025 17:00,9.077
3173,11/10/2025 17:15,9.176
3174,11/10/2025 17:30,9.077
3175,11/10/2025 17:45,9.077
3176,11/10/2025 18:00,8.978
3177,11/10/2025 18:15,8.978
3178,11/10/2025 18:30,8.879
3179,11/10/2025 18:45,8.879
3180,11/10/2025 19:00,8.879
3181,11/10/2025 19:15,8.879
3182,11/10/2025 19:30,8.879
3183,11/10/2025 19:45,8.779
3184,11/10/2025 20:00,8.779
3185,11/10/2025 20:15,8.68
3186,11/10/2025 20:30,8.68
3187,11/10/2025 20:45,8.581
3188,11/10/2025 21:00,8.581
3189,11/10/2025 21:15,8.581
3190,11/10/2025 21:30,8.581
3191,11/10/2025 21:45,8.481
3192,11/10/2025 22:00,8.481
3193,11/10/2025 22:15,8.481
3194,11/10/2025 22:30,8.382
3195,11/10/2025 22:45,8.282
3196,11/10/2025 23:00,8.282
3197,11/10/2025 23:15,8.282
3198,11/10/2025 23:30,8.182
3199,11/10/2025 23:45,8.182
3200,11/11/2025 0:00,8.082
3201,11/11/2025 0:15,8.082
3202,11/11/2025 0:30,8.082
3203,11/11/2025 0:45,7.983
3204,11/11/2025 1:00,7.983
3205,11/11/2025 1:15,7.882
3206,11/11/2025 1:30,7.882
3207,11/11/2025 1:45,7.882
3208,11/11/2025 2:00,7.882
3209,11/11/2025 2:15,7.882
3210,11/11/2025 2:30,7.882
3211,11/11/2025 2:45,7.782
3212,11/11/2025 3:00,7.782
3213,11/11/2025 3:15,7.782
3214,11/11/2025 3:30,7.782
3215,11/11/2025 3:45,7.682
3216,11/11/2025 4:00,7.682
3217,11/11/2025 4:15,7.682
3218,11/11/2025 4:30,7.682
3219,11/11/2025 4:45,7.582
3220,11/11/2025 5:00,7.582
3221,11/11/2025 5:15,7.481
3222,11/11/2025 5:30,7.481
3223,11/11/2025 5:45,7.481
3224,11/11/2025 6:00,7.381
3225,11/11/2025 6:15,7.381
3226,11/11/2025 6:30,7.381
3227,11/11/2025 6:45,7.381
3228,11/11/2025 7:00,7.28
3229,11/11/2025 7:15,7.28
3230,11/11/2025 7:30,7.28
3231,11/11/2025 7:45,7.179
3232,11/11/2025 8:00,7.179
3233,11/11/2025 8:15,7.179
3234,11/11/2025 8:30,7.179
3235,11/11/2025 8:45,7.179
3236,11/11/2025 9:00,7.179
3237,11/11/2025 9:15,7.179
3238,11/11/2025 9:30,7.179
3239,11/11/2025 9:45,7.28
3240,11/11/2025 10:00,7.179
3241,11/11/2025 10:15,7.179
3242,11/11/2025 10:30,7.28
3243,11/11/2025 10:45,7.28
3244,11/11/2025 11:00,7.28
3245,11/11/2025 11:15,7.28
3246,11/11/2025 11:30,7.28
3247,11/11/2025 11:45,7.28
3248,11/11/2025 12:00,7.28
3249,11/11/2025 12:15,7.381
3250,11/11/2025 12:30,7.28
3251,11/11/2025 12:45,7.28
3252,11/11/2025 13:00,7.28
3253,11/11/2025 13:15,7.28
3254,11/11/2025 13:30,7.582
3255,11/11/2025 13:45,7.582
3256,11/11/2025 14:00,7.28
3257,11/11/2025 14:15,7.28
3258,11/11/2025 14:30,7.28
3259,11/11/2025 14:45,7.28
3260,11/11/2025 15:00,7.179
3261,11/11/2025 15:15,7.179
3262,11/11/2025 15:30,7.179
3263,11/11/2025 15:45,7.179
3264,11/11/2025 16:00,7.179
3265,11/11/2025 16:15,7.179
3266,11/11/2025 16:30,7.179
3267,11/11/2025 16:45,7.179
3268,11/11/2025 17:00,7.079
3269,11/11/2025 17:15,7.079
3270,11/11/2025 17:30,7.079
3271,11/11/2025 17:45,6.978
3272,11/11/2025 18:00,6.978
3273,11/11/2025 18:15,6.978
3274,11/11/2025 18:30,6.978
3275,11/11/2025 18:45,6.978
3276,11/11/2025 19:00,6.978
3277,11/11/2025 19:15,6.877
3278,11/11/2025 19:30,6.877
3279,11/11/2025 19:45,6.877
3280,11/11/2025 20:00,6.877
3281,11/11/2025 20:15,6.877
3282,11/11/2025 20:30,6.877
3283,11/11/2025 20:45,6.775
3284,11/11/2025 21:00,6.775
3285,11/11/2025 21:15,6.674
3286,11/11/2025 21:30,6.674
3287,11/11/2025 21:45,6.573
3288,11/11/2025 22:00,6.573
3289,11/11/2025 22:15,6.573
3290,11/11/2025 22:30,6.573
3291,11/11/2025 22:45,6.573
3292,11/11/2025 23:00,6.573
3293,11/11/2025 23:15,6.573
3294,11/11/2025 23:30,6.573
3295,11/11/2025 23:45,6.573
3296,11/12/2025 0:00,6.573
3297,11/12/2025 0:15,6.471
3298,11/12/2025 0:30,6.471
3299,11/12/2025 0:45,6.471
3300,11/12/2025 1:00,6.471
3301,11/12/2025 1:15,6.471
3302,11/12/2025 1:30,6.471
3303,11/12/2025 1:45,6.471
3304,11/12/2025 2:00,6.471
3305,11/12/2025 2:15,6.471
3306,11/12/2025 2:30,6.471
3307,11/12/2025 2:45,6.471
3308,11/12/2025 3:00,6.471
3309,11/12/2025 3:15,6.37
3310,11/12/2025 3:30,6.471
3311,11/12/2025 3:45,6.37
3312,11/12/2025 4:00,6.37
3313,11/12/2025 4:15,6.37
3314,11/12/2025 4:30,6.37
3315,11/12/2025 4:45,6.37
3316,11/12/2025 5:00,6.37
3317,11/12/2025 5:15,6.37
3318,11/12/2025 5:30,6.268
3319,11/12/2025 5:45,6.268
3320,11/12/2025 6:00,6.268
3321,11/12/2025 6:15,6.37
3322,11/12/2025 6:30,6.37
3323,11/12/2025 6:45,6.268
3324,11/12/2025 7:00,6.268
3325,11/12/2025 7:15,6.268
3326,11/12/2025 7:30,6.268
3327,11/12/2025 7:45,6.268
3328,11/12/2025 8:00,6.268
3329,11/12/2025 8:15,6.268
3330,11/12/2025 8:30,6.268
3331,11/12/2025 8:45,6.268
3332,11/12/2025 9:00,6.37
3333,11/12/2025 9:15,6.37
3334,11/12/2025 9:30,6.37
3335,11/12/2025 9:45,6.471
3336,11/12/2025 10:00,6.471
3337,11/12/2025 10:15,6.573
3338,11/12/2025 10:30,6.573
3339,11/12/2025 10:45,6.674
3340,11/12/2025 11:00,6.573
3341,11/12/2025 11:15,6.573
3342,11/12/2025 11:30,6.573
3343,11/12/2025 11:45,6.674
3344,11/12/2025 12:00,6.674
3345,11/12/2025 12:15,6.674
3346,11/12/2025 12:30,6.775
3347,11/12/2025 12:45,6.877
3348,11/12/2025 13:00,6.877
3349,11/12/2025 13:15,6.877
3350,11/12/2025 13:30,6.978
3351,11/12/2025 13:45,7.28
3352,11/12/2025 14:00,7.28
3353,11/12/2025 14:15,7.179
3354,11/12/2025 14:30,7.179
3355,11/12/2025 14:45,7.079
3356,11/12/2025 15:00,7.079
3357,11/12/2025 15:15,7.079
3358,11/12/2025 15:30,7.079
3359,11/12/2025 15:45,7.079
3360,11/12/2025 16:00,7.179
3361,11/12/2025 16:15,7.079
3362,11/12/2025 16:30,7.179
3363,11/12/2025 16:45,7.079
3364,11/12/2025 17:00,7.079
3365,11/12/2025 17:15,7.079
3366,11/12/2025 17:30,7.079
3367,11/12/2025 17:45,7.079
3368,11/12/2025 18:00,7.079
3369,11/12/2025 18:15,7.079
3370,11/12/2025 18:30,7.079
3371,11/12/2025 18:45,7.079
3372,11/12/2025 19:00,7.079
3373,11/12/2025 19:15,7.079
3374,11/12/2025 19:30,7.079
3375,11/12/2025 19:45,7.079
3376,11/12/2025 20:00,7.079
3377,11/12/2025 20:15,7.079
3378,11/12/2025 20:30,7.079
3379,11/12/2025 20:45,7.079
3380,11/12/2025 21:00,7.079
3381,11/12/2025 21:15,7.079
3382,11/12/2025 21:30,7.079
3383,11/12/2025 21:45,7.079
3384,11/12/2025 22:00,7.079
3385,11/12/2025 22:15,7.079
3386,11/12/2025 22:30,7.079
3387,11/12/2025 22:45,7.079
3388,11/12/2025 23:00,7.079
3389,11/12/2025 23:15,7.079
3390,11/12/2025 23:30,7.079
3391,11/12/2025 23:45,7.079
3392,11/13/2025 0:00,7.079
3393,11/13/2025 0:15,7.079
3394,11/13/2025 0:30,7.079
3395,11/13/2025 0:45,7.079
3396,11/13/2025 1:00,7.079
3397,11/13/2025 1:15,7.079
3398,11/13/2025 1:30,7.079
3399,11/13/2025 1:45,7.079
3400,11/13/2025 2:00,7.079
3401,11/13/2025 2:15,7.079
3402,11/13/2025 2:30,7.079
3403,11/13/2025 2:45,7.079
3404,11/13/2025 3:00,7.079
3405,11/13/2025 3:15,7.079
3406,11/13/2025 3:30,7.079
3407,11/13/2025 3:45,7.079
3408,11/13/2025 4:00,7.079
3409,11/13/2025 4:15,7.079
3410,11/13/2025 4:30,7.079
3411,11/13/2025 4:45,7.079
3412,11/13/2025 5:00,7.079
3413,11/13/2025 5:15,7.079
3414,11/13/2025 5:30,7.079
3415,11/13/2025 5:45,7.079
3416,11/13/2025 6:00,7.079
3417,11/13/2025 6:15,7.079
3418,11/13/2025 6:30,6.978
3419,11/13/2025 6:45,6.978
3420,11/13/2025 7:00,6.978
3421,11/13/2025 7:15,6.978
3422,11/13/2025 7:30,6.978
3423,11/13/2025 7:45,6.978
3424,11/13/2025 8:00,6.978
3425,11/13/2025 8:15,6.978
3426,11/13/2025 8:30,6.978
3427,11/13/2025 8:45,6.978
3428,11/13/2025 9:00,7.079
3429,11/13/2025 9:15,7.079
3430,11/13/2025 9:30,6.978
3431,11/13/2025 9:45,7.079
3432,11/13/2025 10:00,7.079
3433,11/13/2025 10:15,7.179
3434,11/13/2025 10:30,7.179
3435,11/13/2025 10:45,7.179
3436,11/13/2025 11:00,7.28
3437,11/13/2025 11:15,7.381
3438,11/13/2025 11:30,7.481
3439,11/13/2025 11:45,7.381
3440,11/13/2025 12:00,7.481
3441,11/13/2025 12:15,7.481
3442,11/13/2025 12:30,7.582
3443,11/13/2025 12:45,7.481
3444,11/13/2025 13:00,7.481
3445,11/13/2025 13:15,7.481
3446,11/13/2025 13:30,7.481
3447,11/13/2025 13:45,7.481
3448,11/13/2025 14:00,7.381
3449,11/13/2025 14:15,7.582
3450,11/13/2025 14:30,7.682
3451,11/13/2025 14:45,7.582
3452,11/13/2025 15:00,7.582
3453,11/13/2025 15:15,7.582
3454,11/13/2025 15:30,7.582
3455,11/13/2025 15:45,7.481
3456,11/13/2025 16:00,7.381
3457,11/13/2025 16:15,7.381
3458,11/13/2025 16:30,7.381
3459,11/13/2025 16:45,7.28
3460,11/13/2025 17:00,7.28
3461,11/13/2025 17:15,7.28
3462,11/13/2025 17:30,7.179
3463,11/13/2025 17:45,7.179
3464,11/13/2025 18:00,7.079
3465,11/13/2025 18:15,7.079
3466,11/13/2025 18:30,6.978
3467,11/13/2025 18:45,6.978
3468,11/13/2025 19:00,6.877
3469,11/13/2025 19:15,6.877
3470,11/13/2025 19:30,6.877
3471,11/13/2025 19:45,6.877
3472,11/13/2025 20:00,6.877
3473,11/13/2025 20:15,6.775
3474,11/13/2025 20:30,6.775
3475,11/13/2025 20:45,6.775
3476,11/13/2025 21:00,6.775
3477,11/13/2025 21:15,6.775
3478,11/13/2025 21:30,6.877
3479,11/13/2025 21:45,6.877
3480,11/13/2025 22:00,6.877
3481,11/13/2025 22:15,6.877
3482,11/13/2025 22:30,6.877
3483,11/13/2025 22:45,6.877
3484,11/13/2025 23:00,6.775
3485,11/13/2025 23:15,6.775
3486,11/13/2025 23:30,6.775
3487,11/13/2025 23:45,6.674
3488,11/14/2025 0:00,6.674
3489,11/14/2025 0:15,6.674
3490,11/14/2025 0:30,6.573
3491,11/14/2025 0:45,6.573
3492,11/14/2025 1:00,6.573
3493,11/14/2025 1:15,6.471
3494,11/14/2025 1:30,6.471
3495,11/14/2025 1:45,6.471
3496,11/14/2025 2:00,6.471
3497,11/14/2025 2:15,6.471
3498,11/14/2025 2:30,6.37
3499,11/14/2025 2:45,6.37
3500,11/14/2025 3:00,6.37
3501,11/14/2025 3:15,6.37
3502,11/14/2025 3:30,6.268
3503,11/14/2025 3:45,6.268
3504,11/14/2025 4:00,6.268
3505,11/14/2025 4:15,6.268
3506,11/14/2025 4:30,6.268
3507,11/14/2025 4:45,6.166
3508,11/14/2025 5:00,6.166
3509,11/14/2025 5:15,6.166
3510,11/14/2025 5:30,6.166
3511,11/14/2025 5:45,6.064
3512,11/14/2025 6:00,6.064
3513,11/14/2025 6:15,6.064
3514,11/14/2025 6:30,6.064
3515,11/14/2025 6:45,5.962
3516,11/14/2025 7:00,5.962
3517,11/14/2025 7:15,5.962
3518,11/14/2025 7:30,5.962
3519,11/14/2025 7:45,5.86
3520,11/14/2025 8:00,5.86
3521,11/14/2025 8:15,5.86
3522,11/14/2025 8:30,5.86
3523,11/14/2025 8:45,5.962
3524,11/14/2025 9:00,5.962
3525,11/14/2025 9:15,6.064
3526,11/14/2025 9:30,6.064
3527,11/14/2025 9:45,6.166
3528,11/14/2025 10:00,6.268
3529,11/14/2025 10:15,6.37
3530,11/14/2025 10:30,6.471
3531,11/14/2025 10:45,6.37
3532,11/14/2025 11:00,6.471
3533,11/14/2025 11:15,6.573
3534,11/14/2025 11:30,6.877
3535,11/14/2025 11:45,6.775
3536,11/14/2025 12:00,6.877
3537,11/14/2025 12:15,7.079
3538,11/14/2025 12:30,7.179
3539,11/14/2025 12:45,7.682
3540,11/14/2025 13:00,7.381
3541,11/14/2025 13:15,7.682
3542,11/14/2025 13:30,7.582
3543,11/14/2025 13:45,7.682
3544,11/14/2025 14:00,7.682
3545,11/14/2025 14:15,7.582
3546,11/14/2025 14:30,7.582
3547,11/14/2025 14:45,7.582
3548,11/14/2025 15:00,7.481
3549,11/14/2025 15:15,7.481
3550,11/14/2025 15:30,7.481
3551,11/14/2025 15:45,7.381
3552,11/14/2025 16:00,7.381
3553,11/14/2025 16:15,7.381
3554,11/14/2025 16:30,7.381
3555,11/14/2025 16:45,7.381
3556,11/14/2025 17:00,7.381
3557,11/14/2025 17:15,7.381
3558,11/14/2025 17:30,7.381
3559,11/14/2025 17:45,7.28
3560,11/14/2025 18:00,7.28
3561,11/14/2025 18:15,7.28
3562,11/14/2025 18:30,7.28
3563,11/14/2025 18:45,7.28
3564,11/14/2025 19:00,7.28
3565,11/14/2025 19:15,7.28
3566,11/14/2025 19:30,7.28
3567,11/14/2025 19:45,7.28
3568,11/14/2025 20:00,7.28
3569,11/14/2025 20:15,7.28
3570,11/14/2025 20:30,7.28
3571,11/14/2025 20:45,7.179
3572,11/14/2025 21:00,7.28
3573,11/14/2025 21:15,7.28
3574,11/14/2025 21:30,7.179
3575,11/14/2025 21:45,7.179
3576,11/14/2025 22:00,7.179
3577,11/14/2025 22:15,7.179
3578,11/14/2025 22:30,7.179
3579,11/14/2025 22:45,7.179
3580,11/14/2025 23:00,7.179
3581,11/14/2025 23:15,7.179
3582,11/14/2025 23:30,7.179
3583,11/14/2025 23:45,7.179
3584,11/15/2025 0:00,7.079
3585,11/15/2025 0:15,7.079
3586,11/15/2025 0:30,6.978
3587,11/15/2025 0:45,6.978
3588,11/15/2025 1:00,6.877
3589,11/15/2025 1:15,6.877
3590,11/15/2025 1:30,6.877
3591,11/15/2025 1:45,6.877
3592,11/15/2025 2:00,6.775
3593,11/15/2025 2:15,6.775
3594,11/15/2025 2:30,6.775
3595,11/15/2025 2:45,6.674
3596,11/15/2025 3:00,6.674
3597,11/15/2025 3:15,6.674
3598,11/15/2025 3:30,6.573
3599,11/15/2025 3:45,6.573
3600,11/15/2025 4:00,6.573
3601,11/15/2025 4:15,6.573
3602,11/15/2025 4:30,6.573
3603,11/15/2025 4:45,6.573
3604,11/15/2025 5:00,6.573
3605,11/15/2025 5:15,6.471
3606,11/15/2025 5:30,6.471
3607,11/15/2025 5:45,6.471
3608,11/15/2025 6:00,6.471
3609,11/15/2025 6:15,6.471
3610,11/15/2025 6:30,6.471
3611,11/15/2025 6:45,6.471
3612,11/15/2025 7:00,6.471
3613,11/15/2025 7:15,6.471
3614,11/15/2025 7:30,6.471
3615,11/15/2025 7:45,6.471
3616,11/15/2025 8:00,6.37
3617,11/15/2025 8:15,6.37
3618,11/15/2025 8:30,6.471
3619,11/15/2025 8:45,6.471
3620,11/15/2025 9:00,6.471
3621,11/15/2025 9:15,6.471
3622,11/15/2025 9:30,6.573
3623,11/15/2025 9:45,6.573
3624,11/15/2025 10:00,6.674
3625,11/15/2025 10:15,6.775
3626,11/15/2025 10:30,6.775
3627,11/15/2025 10:45,6.775
3628,11/15/2025 11:00,6.978
3629,11/15/2025 11:15,6.978
3630,11/15/2025 11:30,7.28
3631,11/15/2025 11:45,7.179
3632,11/15/2025 12:00,7.28
3633,11/15/2025 12:15,7.179
3634,11/15/2025 12:30,7.179
3635,11/15/2025 12:45,7.381
3636,11/15/2025 13:00,7.28
3637,11/15/2025 13:15,7.28
3638,11/15/2025 13:30,7.381
3639,11/15/2025 13:45,7.381
3640,11/15/2025 14:00,7.582
3641,11/15/2025 14:15,7.682
3642,11/15/2025 14:30,7.682
3643,11/15/2025 14:45,7.582
3644,11/15/2025 15:00,7.682
3645,11/15/2025 15:15,7.682
3646,11/15/2025 15:30,7.682
3647,11/15/2025 15:45,7.582
3648,11/15/2025 16:00,7.682
3649,11/15/2025 16:15,7.682
3650,11/15/2025 16:30,7.682
3651,11/15/2025 16:45,7.682
3652,11/15/2025 17:00,7.682
3653,11/15/2025 17:15,7.682
3654,11/15/2025 17:30,7.682
3655,11/15/2025 17:45,7.682
3656,11/15/2025 18:00,7.682
3657,11/15/2025 18:15,7.682
3658,11/15/2025 18:30,7.682
3659,11/15/2025 18:45,7.682
3660,11/15/2025 19:00,7.682
3661,11/15/2025 19:15,7.682
3662,11/15/2025 19:30,7.782
3663,11/15/2025 19:45,7.682
3664,11/15/2025 20:00,7.782
3665,11/15/2025 20:15,7.782
3666,11/15/2025 20:30,7.782
3667,11/15/2025 20:45,7.782
3668,11/15/2025 21:00,7.782
3669,11/15/2025 21:15,7.782
3670,11/15/2025 21:30,7.782
3671,11/15/2025 21:45,7.782
3672,11/15/2025 22:00,7.782
3673,11/15/2025 22:15,7.782
3674,11/15/2025 22:30,7.882
3675,11/15/2025 22:45,7.882
3676,11/15/2025 23:00,7.882
3677,11/15/2025 23:15,7.882
3678,11/15/2025 23:30,7.882
3679,11/15/2025 23:45,7.882
3680,11/16/2025 0:00,7.882
3681,11/16/2025 0:15,7.882
3682,11/16/2025 0:30,7.882
3683,11/16/2025 0:45,7.882
3684,11/16/2025 1:00,7.882
3685,11/16/2025 1:15,7.882
3686,11/16/2025 1:30,7.882
3687,11/16/2025 1:45,7.882
3688,11/16/2025 2:00,7.882
3689,11/16/2025 2:15,7.782
3690,11/16/2025 2:30,7.782
3691,11/16/2025 2:45,7.782
3692,11/16/2025 3:00,7.782
3693,11/16/2025 3:15,7.782
3694,11/16/2025 3:30,7.782
3695,11/16/2025 3:45,7.782
3696,11/16/2025 4:00,7.782
3697,11/16/2025 4:15,7.782
3698,11/16/2025 4:30,7.782
3699,11/16/2025 4:45,7.682
3700,11/16/2025 5:00,7.682
3701,11/16/2025 5:15,7.782
3702,11/16/2025 5:30,7.782
3703,11/16/2025 5:45,7.782
3704,11/16/2025 6:00,7.782
3705,11/16/2025 6:15,7.782
3706,11/16/2025 6:30,7.782
3707,11/16/2025 6:45,7.782
3708,11/16/2025 7:00,7.782
3709,11/16/2025 7:15,7.782
3710,11/16/2025 7:30,7.782
3711,11/16/2025 7:45,7.682
3712,11/16/2025 8:00,7.682
3713,11/16/2025 8:15,7.682
3714,11/16/2025 8:30,7.682
3715,11/16/2025 8:45,7.782
3716,11/16/2025 9:00,7.782
3717,11/16/2025 9:15,7.682
3718,11/16/2025 9:30,7.782
3719,11/16/2025 9:45,7.882
3720,11/16/2025 10:00,7.682
3721,11/16/2025 10:15,7.782
3722,11/16/2025 10:30,7.782
3723,11/16/2025 10:45,7.682
3724,11/16/2025 11:00,7.782
3725,11/16/2025 11:15,7.682
3726,11/16/2025 11:30,7.983
3727,11/16/2025 11:45,7.882
3728,11/16/2025 12:00,7.882
3729,11/16/2025 12:15,7.983
3730,11/16/2025 12:30,8.282
3731,11/16/2025 12:45,8.481
3732,11/16/2025 13:00,8.581
3733,11/16/2025 13:15,8.382
3734,11/16/2025 13:30,8.68
3735,11/16/2025 13:45,8.68
3736,11/16/2025 14:00,8.779
3737,11/16/2025 14:15,8.68
3738,11/16/2025 14:30,8.581
3739,11/16/2025 14:45,8.481
3740,11/16/2025 15:00,8.282
3741,11/16/2025 15:15,8.182
3742,11/16/2025 15:30,8.182
3743,11/16/2025 15:45,8.182
3744,11/16/2025 16:00,8.082
3745,11/16/2025 16:15,8.082
3746,11/16/2025 16:30,7.983
3747,11/16/2025 16:45,7.983
3748,11/16/2025 17:00,7.983
3749,11/16/2025 17:15,7.882
3750,11/16/2025 17:30,7.782
3751,11/16/2025 17:45,7.782
3752,11/16/2025 18:00,7.782
3753,11/16/2025 18:15,7.782
3754,11/16/2025 18:30,7.782
3755,11/16/2025 18:45,7.782
3756,11/16/2025 19:00,7.782
3757,11/16/2025 19:15,7.682
3758,11/16/2025 19:30,7.682
3759,11/16/2025 19:45,7.582
3760,11/16/2025 20:00,7.582
3761,11/16/2025 20:15,7.582
3762,11/16/2025 20:30,7.582
3763,11/16/2025 20:45,7.582
3764,11/16/2025 21:00,7.481
3765,11/16/2025 21:15,7.481
3766,11/16/2025 21:30,7.582
3767,11/16/2025 21:45,7.481
3768,11/16/2025 22:00,7.481
3769,11/16/2025 22:15,7.481
3770,11/16/2025 22:30,7.381
3771,11/16/2025 22:45,7.381
3772,11/16/2025 23:00,7.381
3773,11/16/2025 23:15,7.381
3774,11/16/2025 23:30,7.28
3775,11/16/2025 23:45,7.28
3776,11/17/2025 0:00,7.28
3777,11/17/2025 0:15,7.28
3778,11/17/2025 0:30,7.179
3779,11/17/2025 0:45,7.179
3780,11/17/2025 1:00,7.179
3781,11/17/2025 1:15,7.179
3782,11/17/2025 1:30,7.179
3783,11/17/2025 1:45,7.179
3784,11/17/2025 2:00,7.179
3785,11/17/2025 2:15,7.179
3786,11/17/2025 2:30,7.179
3787,11/17/2025 2:45,7.079
3788,11/17/2025 3:00,7.079
3789,11/17/2025 3:15,7.079
3790,11/17/2025 3:30,7.079
3791,11/17/2025 3:45,7.079
3792,11/17/2025 4:00,6.978
3793,11/17/2025 4:15,6.978
3794,11/17/2025 4:30,6.978
3795,11/17/2025 4:45,6.978
3796,11/17/2025 5:00,6.877
3797,11/17/2025 5:15,6.877
3798,11/17/2025 5:30,6.877
3799,11/17/2025 5:45,6.877
3800,11/17/2025 6:00,6.877
3801,11/17/2025 6:15,6.877
3802,11/17/2025 6:30,6.775
3803,11/17/2025 6:45,6.775
3804,11/17/2025 7:00,6.775
3805,11/17/2025 7:15,6.775
3806,11/17/2025 7:30,6.775
3807,11/17/2025 7:45,6.674
3808,11/17/2025 8:00,6.674
3809,11/17/2025 8:15,6.674
3810,11/17/2025 8:30,6.674
3811,11/17/2025 8:45,6.674
3812,11/17/2025 9:00,6.674
3813,11/17/2025 9:15,6.674
3814,11/17/2025 9:30,6.674
3815,11/17/2025 9:45,6.674
3816,11/17/2025 10:00,6.775
3817,11/17/2025 10:15,6.877
3818,11/17/2025 10:30,6.877
3819,11/17/2025 10:45,6.877
3820,11/17/2025 11:00,6.877
3821,11/17/2025 11:15,6.877
3822,11/17/2025 11:30,6.978
3823,11/17/2025 11:45,6.978
3824,11/17/2025 12:00,7.079
3825,11/17/2025 12:15,7.179
3826,11/17/2025 12:30,7.179
3827,11/17/2025 12:45,7.28
3828,11/17/2025 13:00,7.28
3829,11/17/2025 13:15,7.381
3830,11/17/2025 13:30,7.381
3831,11/17/2025 13:45,7.882
3832,11/17/2025 14:00,8.282
3833,11/17/2025 14:15,7.782
3834,11/17/2025 14:30,7.782
3835,11/17/2025 14:45,7.481
3836,11/17/2025 15:00,7.381
3837,11/17/2025 15:15,7.481
3838,11/17/2025 15:30,7.481
3839,11/17/2025 15:45,7.481
3840,11/17/2025 16:00,7.381
3841,11/17/2025 16:15,7.28
3842,11/17/2025 16:30,7.381
3843,11/17/2025 16:45,7.28
3844,11/17/2025 17:00,7.179
3845,11/17/2025 17:15,7.179
3846,11/17/2025 17:30,7.079
3847,11/17/2025 17:45,7.079
3848,11/17/2025 18:00,7.079
3849,11/17/2025 18:15,7.079
3850,11/17/2025 18:30,7.079
3851,11/17/2025 18:45,7.079
3852,11/17/2025 19:00,6.978
3853,11/17/2025 19:15,6.978
3854,11/17/2025 19:30,6.978
3855,11/17/2025 19:45,6.978
3856,11/17/2025 20:00,6.978
3857,11/17/2025 20:15,6.978
3858,11/17/2025 20:30,6.978
3859,11/17/2025 20:45,6.978
3860,11/17/2025 21:00,6.877
3861,11/17/2025 21:15,6.877
3862,11/17/2025 21:30,6.877
3863,11/17/2025 21:45,6.877
3864,11/17/2025 22:00,6.877
3865,11/17/2025 22:15,6.877
3866,11/17/2025 22:30,6.877
3867,11/17/2025 22:45,6.775
3868,11/17/2025 23:00,6.775
3869,11/17/2025 23:15,6.775
3870,11/17/2025 23:30,6.775
3871,11/17/2025 23:45,6.775
3872,11/18/2025 0:00,6.775
3873,11/18/2025 0:15,6.775
3874,11/18/2025 0:30,6.775
3875,11/18/2025 0:45,6.775
3876,11/18/2025 1:00,6.674
3877,11/18/2025 1:15,6.775
3878,11/18/2025 1:30,6.674
3879,11/18/2025 1:45,6.674
3880,11/18/2025 2:00,6.674
3881,11/18/2025 2:15,6.674
3882,11/18/2025 2:30,6.674
3883,11/18/2025 2:45,6.674
3884,11/18/2025 3:00,6.674
3885,11/18/2025 3:15,6.674
3886,11/18/2025 3:30,6.674
3887,11/18/2025 3:45,6.674
3888,11/18/2025 4:00,6.674
3889,11/18/2025 4:15,6.674
3890,11/18/2025 4:30,6.674
3891,11/18/2025 4:45,6.674
3892,11/18/2025 5:00,6.573
3893,11/18/2025 5:15,6.573
3894,11/18/2025 5:30,6.573
3895,11/18/2025 5:45,6.573
3896,11/18/2025 6:00,6.573
3897,11/18/2025 6:15,6.573
3898,11/18/2025 6:30,6.573
3899,11/18/2025 6:45,6.573
3900,11/18/2025 7:00,6.573
3901,11/18/2025 7:15,6.471
3902,11/18/2025 7:30,6.471
3903,11/18/2025 7:45,6.37
3904,11/18/2025 8:00,6.37
3905,11/18/2025 8:15,6.37
3906,11/18/2025 8:30,6.268
3907,11/18/2025 8:45,6.37
3908,11/18/2025 9:00,6.37
3909,11/18/2025 9:15,6.37
3910,11/18/2025 9:30,6.471
3911,11/18/2025 9:45,6.573
3912,11/18/2025 10:00,6.471
3913,11/18/2025 10:15,6.573
3914,11/18/2025 10:30,6.877
3915,11/18/2025 10:45,6.573
3916,11/18/2025 11:00,6.775
3917,11/18/2025 11:15,6.775
3918,11/18/2025 11:30,6.877
3919,11/18/2025 11:45,6.877
3920,11/18/2025 12:00,6.978
3921,11/18/2025 12:15,6.978
3922,11/18/2025 12:30,6.978
3923,11/18/2025 12:45,7.28
3924,11/18/2025 13:00,7.28
3925,11/18/2025 13:15,7.481
3926,11/18/2025 13:30,7.381
3927,11/18/2025 13:45,7.481
3928,11/18/2025 14:00,7.179
3929,11/18/2025 14:15,7.179
3930,11/18/2025 14:30,7.179
3931,11/18/2025 14:45,7.179
3932,11/18/2025 15:00,7.28
3933,11/18/2025 15:15,7.28
3934,11/18/2025 15:30,7.28
3935,11/18/2025 15:45,7.28
3936,11/18/2025 16:00,7.179
3937,11/18/2025 16:15,7.179
3938,11/18/2025 16:30,7.179
3939,11/18/2025 16:45,7.179
3940,11/18/2025 17:00,7.179
3941,11/18/2025 17:15,7.179
3942,11/18/2025 17:30,7.179
3943,11/18/2025 17:45,7.079
3944,11/18/2025 18:00,7.079
3945,11/18/2025 18:15,7.079
3946,11/18/2025 18:30,7.079
3947,11/18/2025 18:45,7.079
3948,11/18/2025 19:00,7.079
3949,11/18/2025 19:15,7.079
3950,11/18/2025 19:30,7.079
3951,11/18/2025 19:45,7.079
3952,11/18/2025 20:00,7.079
3953,11/18/2025 20:15,6.978
3954,11/18/2025 20:30,6.978
3955,11/18/2025 20:45,6.978
3956,11/18/2025 21:00,6.978
3957,11/18/2025 21:15,6.978
3958,11/18/2025 21:30,6.978
3959,11/18/2025 21:45,6.978
3960,11/18/2025 22:00,6.978
3961,11/18/2025 22:15,6.978
3962,11/18/2025 22:30,6.978
3963,11/18/2025 22:45,6.978
3964,11/18/2025 23:00,6.978
3965,11/18/2025 23:15,6.978
3966,11/18/2025 23:30,6.978
3967,11/18/2025 23:45,6.978
3968,11/19/2025 0:00,6.978
3969,11/19/2025 0:15,6.978
3970,11/19/2025 0:30,6.978
3971,11/19/2025 0:45,6.978
3972,11/19/2025 1:00,6.978
3973,11/19/2025 1:15,6.978
3974,11/19/2025 1:30,6.978
3975,11/19/2025 1:45,6.978
3976,11/19/2025 2:00,6.877
3977,11/19/2025 2:15,6.877
3978,11/19/2025 2:30,6.877
3979,11/19/2025 2:45,6.877
3980,11/19/2025 3:00,6.877
3981,11/19/2025 3:15,6.877
3982,11/19/2025 3:30,6.877
3983,11/19/2025 3:45,6.877
3984,11/19/2025 4:00,6.877
3985,11/19/2025 4:15,6.877
3986,11/19/2025 4:30,6.775
3987,11/19/2025 4:45,6.775
3988,11/19/2025 5:00,6.674
3989,11/19/2025 5:15,6.573
3990,11/19/2025 5:30,6.471
3991,11/19/2025 5:45,6.471
3992,11/19/2025 6:00,6.573
3993,11/19/2025 6:15,6.573
3994,11/19/2025 6:30,6.573
3995,11/19/2025 6:45,6.573
3996,11/19/2025 7:00,6.573
3997,11/19/2025 7:15,6.573
3998,11/19/2025 7:30,6.573
3999,11/19/2025 7:45,6.573
4000,11/19/2025 8:00,6.573
4001,11/19/2025 8:15,6.573
4002,11/19/2025 8:30,6.573
4003,11/19/2025 8:45,6.674
4004,11/19/2025 9:00,6.674
4005,11/19/2025 9:15,6.674
4006,11/19/2025 9:30,6.674
4007,11/19/2025 9:45,6.674
4008,11/19/2025 10:00,6.775
4009,11/19/2025 10:15,6.775
4010,11/19/2025 10:30,6.877
4011,11/19/2025 10:45,6.877
4012,11/19/2025 11:00,6.978
4013,11/19/2025 11:15,7.079
4014,11/19/2025 11:30,7.079
4015,11/19/2025 11:45,7.179
4016,11/19/2025 12:00,7.179
4017,11/19/2025 12:15,7.179
4018,11/19/2025 12:30,7.28
4019,11/19/2025 12:45,7.381
4020,11/19/2025 13:00,7.381
4021,11/19/2025 13:15,7.28
4022,11/19/2025 13:30,7.28
4023,11/19/2025 13:45,7.381
4024,11/19/2025 14:00,7.381
4025,11/19/2025 14:15,7.381
4026,11/19/2025 14:30,7.481
4027,11/19/2025 14:45,7.481
4028,11/19/2025 15:00,7.481
4029,11/19/2025 15:15,7.481
4030,11/19/2025 15:30,7.481
4031,11/19/2025 15:45,7.481
4032,11/19/2025 16:00,7.481
4033,11/19/2025 16:15,7.481
4034,11/19/2025 16:30,7.481
4035,11/19/2025 16:45,7.381
4036,11/19/2025 17:00,7.381
4037,11/19/2025 17:15,7.381
4038,11/19/2025 17:30,7.28
4039,11/19/2025 17:45,7.179
4040,11/19/2025 18:00,7.179
4041,11/19/2025 18:15,7.179
4042,11/19/2025 18:30,7.079
4043,11/19/2025 18:45,7.079
4044,11/19/2025 19:00,6.978
4045,11/19/2025 19:15,6.978
4046,11/19/2025 19:30,6.877
4047,11/19/2025 19:45,6.877
4048,11/19/2025 20:00,6.877
4049,11/19/2025 20:15,6.775
4050,11/19/2025 20:30,6.775
4051,11/19/2025 20:45,6.775
4052,11/19/2025 21:00,6.674
4053,11/19/2025 21:15,6.674
4054,11/19/2025 21:30,6.573
4055,11/19/2025 21:45,6.573
4056,11/19/2025 22:00,6.573
4057,11/19/2025 22:15,6.471
4058,11/19/2025 22:30,6.471
4059,11/19/2025 22:45,6.471
4060,11/19/2025 23:00,6.471
4061,11/19/2025 23:15,6.471
4062,11/19/2025 23:30,6.37
4063,11/19/2025 23:45,6.37
4064,11/20/2025 0:00,6.37
4065,11/20/2025 0:15,6.37
4066,11/20/2025 0:30,6.268
4067,11/20/2025 0:45,6.268
4068,11/20/2025 1:00,6.268
4069,11/20/2025 1:15,6.268
4070,11/20/2025 1:30,6.166
4071,11/20/2025 1:45,6.166
4072,11/20/2025 2:00,6.166
4073,11/20/2025 2:15,6.064
4074,11/20/2025 2:30,6.064
4075,11/20/2025 2:45,6.166
4076,11/20/2025 3:00,6.166
4077,11/20/2025 3:15,6.166
4078,11/20/2025 3:30,6.166
4079,11/20/2025 3:45,6.166
4080,11/20/2025 4:00,6.166
4081,11/20/2025 4:15,6.166
4082,11/20/2025 4:30,6.166
4083,11/20/2025 4:45,6.166
4084,11/20/2025 5:00,6.166
4085,11/20/2025 5:15,6.166
4086,11/20/2025 5:30,6.064
4087,11/20/2025 5:45,6.064
4088,11/20/2025 6:00,6.064
4089,11/20/2025 6:15,6.064
4090,11/20/2025 6:30,6.064
4091,11/20/2025 6:45,6.064
4092,11/20/2025 7:00,6.064
4093,11/20/2025 7:15,6.064
4094,11/20/2025 7:30,6.064
4095,11/20/2025 7:45,5.962
4096,11/20/2025 8:00,5.962
4097,11/20/2025 8:15,5.962
4098,11/20/2025 8:30,5.962
4099,11/20/2025 8:45,5.962
4100,11/20/2025 9:00,6.064
4101,11/20/2025 9:15,6.064
4102,11/20/2025 9:30,6.064
4103,11/20/2025 9:45,6.064
4104,11/20/2025 10:00,6.166
4105,11/20/2025 10:15,6.166
4106,11/20/2025 10:30,6.268
4107,11/20/2025 10:45,6.166
4108,11/20/2025 11:00,6.166
4109,11/20/2025 11:15,6.166
4110,11/20/2025 11:30,6.268
4111,11/20/2025 11:45,6.37
4112,11/20/2025 12:00,6.471
4113,11/20/2025 12:15,6.573
4114,11/20/2025 12:30,6.674
4115,11/20/2025 12:45,6.573
4116,11/20/2025 13:00,6.775
4117,11/20/2025 13:15,6.775
4118,11/20/2025 13:30,6.877
4119,11/20/2025 13:45,6.978
4120,11/20/2025 14:00,6.877
4121,11/20/2025 14:15,6.978
4122,11/20/2025 14:30,6.978
4123,11/20/2025 14:45,6.978
4124,11/20/2025 15:00,7.079
4125,11/20/2025 15:15,6.978
4126,11/20/2025 15:30,7.079
4127,11/20/2025 15:45,6.978
4128,11/20/2025 16:00,6.978
4129,11/20/2025 16:15,6.978
4130,11/20/2025 16:30,6.978
4131,11/20/2025 16:45,6.978
4132,11/20/2025 17:00,6.978
4133,11/20/2025 17:15,6.978
4134,11/20/2025 17:30,6.978
4135,11/20/2025 17:45,6.978
4136,11/20/2025 18:00,6.978
4137,11/20/2025 18:15,6.978
4138,11/20/2025 18:30,6.978
4139,11/20/2025 18:45,6.978
4140,11/20/2025 19:00,6.978
4141,11/20/2025 19:15,6.877
4142,11/20/2025 19:30,6.877
4143,11/20/2025 19:45,6.877
4144,11/20/2025 20:00,6.877
4145,11/20/2025 20:15,6.978
4146,11/20/2025 20:30,6.978
4147,11/20/2025 20:45,6.978
4148,11/20/2025 21:00,6.978
4149,11/20/2025 21:15,6.978
4150,11/20/2025 21:30,6.978
4151,11/20/2025 21:45,6.978
4152,11/20/2025 22:00,6.978
4153,11/20/2025 22:15,6.978
4154,11/20/2025 22:30,6.978
4155,11/20/2025 22:45,6.978
4156,11/20/2025 23:00,6.978
4157,11/20/2025 23:15,6.978
4158,11/20/2025 23:30,6.978
4159,11/20/2025 23:45,6.978
4160,11/21/2025 0:00,6.978
4161,11/21/2025 0:15,6.978
4162,11/21/2025 0:30,6.978
4163,11/21/2025 0:45,6.978
4164,11/21/2025 1:00,6.978
4165,11/21/2025 1:15,6.978
4166,11/21/2025 1:30,6.978
4167,11/21/2025 1:45,6.978
4168,11/21/2025 2:00,6.978
4169,11/21/2025 2:15,6.978
4170,11/21/2025 2:30,6.978
4171,11/21/2025 2:45,6.978
4172,11/21/2025 3:00,6.978
4173,11/21/2025 3:15,6.978
4174,11/21/2025 3:30,6.978
4175,11/21/2025 3:45,6.978
4176,11/21/2025 4:00,6.978
4177,11/21/2025 4:15,6.978
4178,11/21/2025 4:30,6.978
4179,11/21/2025 4:45,6.978
4180,11/21/2025 5:00,6.978
4181,11/21/2025 5:15,6.978
4182,11/21/2025 5:30,6.978
4183,11/21/2025 5:45,6.978
4184,11/21/2025 6:00,6.978
4185,11/21/2025 6:15,6.978
4186,11/21/2025 6:30,6.978
4187,11/21/2025 6:45,6.978
4188,11/21/2025 7:00,6.978
4189,11/21/2025 7:15,6.978
4190,11/21/2025 7:30,6.978
4191,11/21/2025 7:45,6.978
4192,11/21/2025 8:00,6.978
4193,11/21/2025 8:15,6.978
4194,11/21/2025 8:30,6.978
4195,11/21/2025 8:45,7.079
4196,11/21/2025 9:00,7.079
4197,11/21/2025 9:15,7.079
4198,11/21/2025 9:30,7.079
4199,11/21/2025 9:45,7.179
4200,11/21/2025 10:00,7.179
4201,11/21/2025 10:15,7.179
4202,11/21/2025 10:30,7.179
4203,11/21/2025 10:45,7.179
4204,11/21/2025 11:00,7.28
4205,11/21/2025 11:15,7.28
4206,11/21/2025 11:30,7.381
4207,11/21/2025 11:45,7.381
4208,11/21/2025 12:00,7.481
4209,11/21/2025 12:15,7.582
4210,11/21/2025 12:30,7.682
4211,11/21/2025 12:45,7.682
4212,11/21/2025 13:00,7.682
4213,11/21/2025 13:15,7.582
4214,11/21/2025 13:30,7.582
4215,11/21/2025 13:45,7.582
4216,11/21/2025 14:00,7.682
4217,11/21/2025 14:15,7.682
4218,11/21/2025 14:30,7.682
4219,11/21/2025 14:45,7.782
4220,11/21/2025 15:00,7.782
4221,11/21/2025 15:15,7.782
4222,11/21/2025 15:30,7.782
4223,11/21/2025 15:45,7.782
4224,11/21/2025 16:00,7.782
4225,11/21/2025 16:15,7.882
4226,11/21/2025 16:30,7.882
4227,11/21/2025 16:45,7.782
4228,11/21/2025 17:00,7.782
4229,11/21/2025 17:15,7.782
4230,11/21/2025 17:30,7.782
4231,11/21/2025 17:45,7.682
4232,11/21/2025 18:00,7.682
4233,11/21/2025 18:15,7.682
4234,11/21/2025 18:30,7.582
4235,11/21/2025 18:45,7.582
4236,11/21/2025 19:00,7.582
4237,11/21/2025 19:15,7.582
4238,11/21/2025 19:30,7.582
4239,11/21/2025 19:45,7.582
4240,11/21/2025 20:00,7.582
4241,11/21/2025 20:15,7.582
4242,11/21/2025 20:30,7.582
4243,11/21/2025 20:45,7.582
4244,11/21/2025 21:00,7.582
4245,11/21/2025 21:15,7.582
4246,11/21/2025 21:30,7.582
4247,11/21/2025 21:45,7.582
4248,11/21/2025 22:00,7.582
4249,11/21/2025 22:15,7.582
4250,11/21/2025 22:30,7.582
4251,11/21/2025 22:45,7.682
4252,11/21/2025 23:00,7.682
4253,11/21/2025 23:15,7.682
4254,11/21/2025 23:30,7.682
4255,11/21/2025 23:45,7.682
4256,11/22/2025 0:00,7.682
4257,11/22/2025 0:15,7.682
4258,11/22/2025 0:30,7.682
4259,11/22/2025 0:45,7.682
4260,11/22/2025 1:00,7.682
4261,11/22/2025 1:15,7.682
4262,11/22/2025 1:30,7.682
4263,11/22/2025 1:45,7.682
4264,11/22/2025 2:00,7.682
4265,11/22/2025 2:15,7.682
4266,11/22/2025 2:30,7.682
4267,11/22/2025 2:45,7.682
4268,11/22/2025 3:00,7.682
4269,11/22/2025 3:15,7.682
4270,11/22/2025 3:30,7.682
4271,11/22/2025 3:45,7.782
4272,11/22/2025 4:00,7.682
4273,11/22/2025 4:15,7.682
4274,11/22/2025 4:30,7.682
4275,11/22/2025 4:45,7.682
4276,11/22/2025 5:00,7.782
4277,11/22/2025 5:15,7.782
4278,11/22/2025 5:30,7.782
4279,11/22/2025 5:45,7.782
4280,11/22/2025 6:00,7.782
4281,11/22/2025 6:15,7.782
4282,11/22/2025 6:30,7.782
4283,11/22/2025 6:45,7.782
4284,11/22/2025 7:00,7.782
4285,11/22/2025 7:15,7.782
4286,11/22/2025 7:30,7.782
4287,11/22/2025 7:45,7.782
4288,11/22/2025 8:00,7.782
4289,11/22/2025 8:15,7.782
4290,11/22/2025 8:30,7.782
4291,11/22/2025 8:45,7.782
4292,11/22/2025 9:00,7.882
4293,11/22/2025 9:15,7.882
4294,11/22/2025 9:30,7.882
4295,11/22/2025 9:45,7.983
4296,11/22/2025 10:00,7.882
4297,11/22/2025 10:15,7.983
4298,11/22/2025 10:30,7.983
4299,11/22/2025 10:45,8.182
4300,11/22/2025 11:00,8.182
4301,11/22/2025 11:15,8.182
4302,11/22/2025 11:30,8.282
4303,11/22/2025 11:45,8.182
4304,11/22/2025 12:00,8.182
4305,11/22/2025 12:15,8.182
4306,11/22/2025 12:30,8.382
4307,11/22/2025 12:45,8.68
4308,11/22/2025 13:00,8.68
4309,11/22/2025 13:15,8.68
4310,11/22/2025 13:30,9.077
4311,11/22/2025 13:45,8.68
4312,11/22/2025 14:00,8.68
4313,11/22/2025 14:15,8.879
4314,11/22/2025 14:30,9.077
4315,11/22/2025 14:45,8.779
4316,11/22/2025 15:00,8.879
4317,11/22/2025 15:15,8.779
4318,11/22/2025 15:30,8.779
4319,11/22/2025 15:45,8.779
4320,11/22/2025 16:00,8.779
4321,11/22/2025 16:15,8.779
4322,11/22/2025 16:30,8.879
4323,11/22/2025 16:45,8.779
4324,11/22/2025 17:00,8.779
4325,11/22/2025 17:15,8.68
4326,11/22/2025 17:30,8.68
4327,11/22/2025 17:45,8.581
4328,11/22/2025 18:00,8.581
4329,11/22/2025 18:15,8.481
4330,11/22/2025 18:30,8.382
4331,11/22/2025 18:45,8.382
4332,11/22/2025 19:00,8.382
4333,11/22/2025 19:15,8.282
4334,11/22/2025 19:30,8.282
4335,11/22/2025 19:45,8.182
4336,11/22/2025 20:00,8.182
4337,11/22/2025 20:15,8.082
4338,11/22/2025 20:30,7.983
4339,11/22/2025 20:45,7.983
4340,11/22/2025 21:00,7.882
4341,11/22/2025 21:15,7.882
4342,11/22/2025 21:30,7.782
4343,11/22/2025 21:45,7.782
4344,11/22/2025 22:00,7.682
4345,11/22/2025 22:15,7.682
4346,11/22/2025 22:30,7.682
4347,11/22/2025 22:45,7.582
4348,11/22/2025 23:00,7.582
4349,11/22/2025 23:15,7.481
4350,11/22/2025 23:30,7.481
4351,11/22/2025 23:45,7.481
4352,11/23/2025 0:00,7.381
4353,11/23/2025 0:15,7.381
4354,11/23/2025 0:30,7.28
4355,11/23/2025 0:45,7.28
4356,11/23/2025 1:00,7.179
4357,11/23/2025 1:15,7.179
4358,11/23/2025 1:30,7.179
4359,11/23/2025 1:45,7.079
4360,11/23/2025 2:00,7.079
4361,11/23/2025 2:15,7.079
4362,11/23/2025 2:30,6.978
4363,11/23/2025 2:45,6.978
4364,11/23/2025 3:00,6.877
4365,11/23/2025 3:15,6.877
4366,11/23/2025 3:30,6.877
4367,11/23/2025 3:45,6.775
4368,11/23/2025 4:00,6.775
4369,11/23/2025 4:15,6.775
4370,11/23/2025 4:30,6.775
4371,11/23/2025 4:45,6.775
4372,11/23/2025 5:00,6.674
4373,11/23/2025 5:15,6.674
4374,11/23/2025 5:30,6.674
4375,11/23/2025 5:45,6.674
4376,11/23/2025 6:00,6.674
4377,11/23/2025 6:15,6.674
4378,11/23/2025 6:30,6.674
4379,11/23/2025 6:45,6.674
4380,11/23/2025 7:00,6.674
4381,11/23/2025 7:15,6.674
4382,11/23/2025 7:30,6.573
4383,11/23/2025 7:45,6.573
4384,11/23/2025 8:00,6.573
4385,11/23/2025 8:15,6.573
4386,11/23/2025 8:30,6.674
4387,11/23/2025 8:45,6.674
4388,11/23/2025 9:00,6.674
4389,11/23/2025 9:15,6.674
4390,11/23/2025 9:30,6.674
4391,11/23/2025 9:45,6.674
4392,11/23/2025 10:00,6.674
4393,11/23/2025 10:15,6.775
4394,11/23/2025 10:30,6.978
4395,11/23/2025 10:45,6.978
4396,11/23/2025 11:00,6.877
4397,11/23/2025 11:15,6.877
4398,11/23/2025 11:30,6.978
4399,11/23/2025 11:45,7.179
4400,11/23/2025 12:00,6.978
4401,11/23/2025 12:15,6.978
4402,11/23/2025 12:30,7.079
4403,11/23/2025 12:45,7.079
4404,11/23/2025 13:00,7.381
4405,11/23/2025 13:15,7.582
4406,11/23/2025 13:30,7.481
4407,11/23/2025 13:45,7.682
4408,11/23/2025 14:00,8.082
4409,11/23/2025 14:15,7.983
4410,11/23/2025 14:30,7.782
4411,11/23/2025 14:45,7.682
4412,11/23/2025 15:00,7.782
4413,11/23/2025 15:15,7.782
4414,11/23/2025 15:30,7.782
4415,11/23/2025 15:45,7.782
4416,11/23/2025 16:00,7.782
4417,11/23/2025 16:15,7.682
4418,11/23/2025 16:30,7.682
4419,11/23/2025 16:45,7.682
4420,11/23/2025 17:00,7.682
4421,11/23/2025 17:15,7.682
4422,11/23/2025 17:30,7.582
4423,11/23/2025 17:45,7.582
4424,11/23/2025 18:00,7.481
4425,11/23/2025 18:15,7.481
4426,11/23/2025 18:30,7.481
4427,11/23/2025 18:45,7.381
4428,11/23/2025 19:00,7.381
4429,11/23/2025 19:15,7.381
4430,11/23/2025 19:30,7.28
4431,11/23/2025 19:45,7.28
4432,11/23/2025 20:00,7.28
4433,11/23/2025 20:15,7.179
4434,11/23/2025 20:30,7.179
4435,11/23/2025 20:45,7.179
4436,11/23/2025 21:00,7.179
4437,11/23/2025 21:15,7.079
4438,11/23/2025 21:30,7.079
4439,11/23/2025 21:45,7.079
4440,11/23/2025 22:00,7.079
4441,11/23/2025 22:15,6.978
4442,11/23/2025 22:30,6.978
4443,11/23/2025 22:45,6.978
4444,11/23/2025 23:00,6.978
4445,11/23/2025 23:15,6.978
4446,11/23/2025 23:30,6.978
4447,11/23/2025 23:45,6.877
4448,11/24/2025 0:00,6.877
4449,11/24/2025 0:15,6.877
4450,11/24/2025 0:30,6.877
4451,11/24/2025 0:45,6.877
4452,11/24/2025 1:00,6.877
4453,11/24/2025 1:15,6.877
4454,11/24/2025 1:30,6.775
4455,11/24/2025 1:45,6.775
4456,11/24/2025 2:00,6.775
4457,11/24/2025 2:15,6.674
4458,11/24/2025 2:30,6.674
4459,11/24/2025 2:45,6.674
4460,11/24/2025 3:00,6.674
4461,11/24/2025 3:15,6.674
4462,11/24/2025 3:30,6.573
4463,11/24/2025 3:45,6.573
4464,11/24/2025 4:00,6.573
4465,11/24/2025 4:15,6.573
4466,11/24/2025 4:30,6.573
4467,11/24/2025 4:45,6.573
4468,11/24/2025 5:00,6.471
4469,11/24/2025 5:15,6.471
4470,11/24/2025 5:30,6.471
4471,11/24/2025 5:45,6.471
4472,11/24/2025 6:00,6.471
4473,11/24/2025 6:15,6.37
4474,11/24/2025 6:30,6.37
4475,11/24/2025 6:45,6.37
4476,11/24/2025 7:00,6.37
4477,11/24/2025 7:15,6.268
4478,11/24/2025 7:30,6.268
4479,11/24/2025 7:45,6.268
4480,11/24/2025 8:00,6.268
4481,11/24/2025 8:15,6.166
4482,11/24/2025 8:30,6.166
4483,11/24/2025 8:45,6.166
4484,11/24/2025 9:00,6.166
4485,11/24/2025 9:15,6.268
4486,11/24/2025 9:30,6.268
4487,11/24/2025 9:45,6.37
4488,11/24/2025 10:00,6.37
4489,11/24/2025 10:15,6.471
4490,11/24/2025 10:30,6.674
4491,11/24/2025 10:45,6.573
4492,11/24/2025 11:00,6.573
4493,11/24/2025 11:15,6.573
4494,11/24/2025 11:30,6.674
4495,11/24/2025 11:45,6.775
4496,11/24/2025 12:00,6.775
4497,11/24/2025 12:15,6.775
4498,11/24/2025 12:30,7.179
4499,11/24/2025 12:45,7.28
4500,11/24/2025 13:00,7.28
4501,11/24/2025 13:15,7.28
4502,11/24/2025 13:30,7.481
4503,11/24/2025 13:45,7.582
4504,11/24/2025 14:00,7.782
4505,11/24/2025 14:15,7.882
4506,11/24/2025 14:30,7.582
4507,11/24/2025 14:45,7.582
4508,11/24/2025 15:00,7.481
4509,11/24/2025 15:15,7.481
4510,11/24/2025 15:30,7.481
4511,11/24/2025 15:45,7.481
4512,11/24/2025 16:00,7.582
4513,11/24/2025 16:15,7.481
4514,11/24/2025 16:30,7.582
4515,11/24/2025 16:45,7.582
4516,11/24/2025 17:00,7.481
4517,11/24/2025 17:15,7.481
4518,11/24/2025 17:30,7.481
4519,11/24/2025 17:45,7.381
4520,11/24/2025 18:00,7.381
4521,11/24/2025 18:15,7.28
4522,11/24/2025 18:30,7.28
4523,11/24/2025 18:45,7.28
4524,11/24/2025 19:00,7.179
4525,11/24/2025 19:15,7.179
4526,11/24/2025 19:30,7.179
4527,11/24/2025 19:45,7.079
4528,11/24/2025 20:00,7.079
4529,11/24/2025 20:15,7.079
4530,11/24/2025 20:30,7.079
4531,11/24/2025 20:45,6.978
4532,11/24/2025 21:00,6.978
4533,11/24/2025 21:15,6.978
4534,11/24/2025 21:30,6.978
4535,11/24/2025 21:45,6.978
4536,11/24/2025 22:00,6.978
4537,11/24/2025 22:15,6.978
4538,11/24/2025 22:30,6.877
4539,11/24/2025 22:45,6.877
4540,11/24/2025 23:00,6.877
4541,11/24/2025 23:15,6.877
4542,11/24/2025 23:30,6.877
4543,11/24/2025 23:45,6.877
4544,11/25/2025 0:00,6.775
4545,11/25/2025 0:15,6.775
4546,11/25/2025 0:30,6.775
4547,11/25/2025 0:45,6.775
4548,11/25/2025 1:00,6.775
4549,11/25/2025 1:15,6.674
4550,11/25/2025 1:30,6.674
4551,11/25/2025 1:45,6.674
4552,11/25/2025 2:00,6.674
4553,11/25/2025 2:15,6.674
4554,11/25/2025 2:30,6.573
4555,11/25/2025 2:45,6.573
4556,11/25/2025 3:00,6.573
4557,11/25/2025 3:15,6.573
4558,11/25/2025 3:30,6.573
4559,11/25/2025 3:45,6.573
4560,11/25/2025 4:00,6.573
4561,11/25/2025 4:15,6.573
4562,11/25/2025 4:30,6.573
4563,11/25/2025 4:45,6.573
4564,11/25/2025 5:00,6.471
4565,11/25/2025 5:15,6.573
4566,11/25/2025 5:30,6.573
4567,11/25/2025 5:45,6.573
4568,11/25/2025 6:00,6.573
4569,11/25/2025 6:15,6.573
4570,11/25/2025 6:30,6.573
4571,11/25/2025 6:45,6.573
4572,11/25/2025 7:00,6.573
4573,11/25/2025 7:15,6.573
4574,11/25/2025 7:30,6.573
4575,11/25/2025 7:45,6.573
4576,11/25/2025 8:00,6.573
4577,11/25/2025 8:15,6.573
4578,11/25/2025 8:30,6.573
4579,11/25/2025 8:45,6.573
4580,11/25/2025 9:00,6.674
4581,11/25/2025 9:15,6.573
4582,11/25/2025 9:30,6.674
4583,11/25/2025 9:45,6.674
4584,11/25/2025 10:00,6.775
4585,11/25/2025 10:15,6.775
4586,11/25/2025 10:30,6.775
4587,11/25/2025 10:45,6.877
4588,11/25/2025 11:00,6.978
4589,11/25/2025 11:15,7.079
4590,11/25/2025 11:30,7.079
4591,11/25/2025 11:45,7.079
4592,11/25/2025 12:00,7.079
4593,11/25/2025 12:15,7.179
4594,11/25/2025 12:30,7.28
4595,11/25/2025 12:45,7.28
4596,11/25/2025 13:00,7.28
4597,11/25/2025 13:15,7.28
4598,11/25/2025 13:30,7.28
4599,11/25/2025 13:45,7.28
4600,11/25/2025 14:00,7.381
4601,11/25/2025 14:15,7.381
4602,11/25/2025 14:30,7.481
4603,11/25/2025 14:45,7.481
4604,11/25/2025 15:00,7.481
4605,11/25/2025 15:15,7.381
4606,11/25/2025 15:30,7.481
4607,11/25/2025 15:45,7.481
4608,11/25/2025 16:00,7.481
4609,11/25/2025 16:15,7.481
4610,11/25/2025 16:30,7.481
4611,11/25/2025 16:45,7.481
4612,11/25/2025 17:00,7.481
4613,11/25/2025 17:15,7.481
4614,11/25/2025 17:30,7.481
4615,11/25/2025 17:45,7.481
4616,11/25/2025 18:00,7.481
4617,11/25/2025 18:15,7.481
4618,11/25/2025 18:30,7.481
4619,11/25/2025 18:45,7.481
4620,11/25/2025 19:00,7.481
4621,11/25/2025 19:15,7.481
4622,11/25/2025 19:30,7.481
4623,11/25/2025 19:45,7.481
4624,11/25/2025 20:00,7.481
4625,11/25/2025 20:15,7.481
4626,11/25/2025 20:30,7.481
4627,11/25/2025 20:45,7.481
4628,11/25/2025 21:00,7.582
4629,11/25/2025 21:15,7.582
4630,11/25/2025 21:30,7.582
4631,11/25/2025 21:45,7.582
4632,11/25/2025 22:00,7.582
4633,11/25/2025 22:15,7.582
4634,11/25/2025 22:30,7.582
4635,11/25/2025 22:45,7.582
4636,11/25/2025 23:00,7.582
4637,11/25/2025 23:15,7.582
4638,11/25/2025 23:30,7.582
4639,11/25/2025 23:45,7.582
4640,11/26/2025 0:00,7.682
4641,11/26/2025 0:15,7.682
4642,11/26/2025 0:30,7.682
4643,11/26/2025 0:45,7.682
4644,11/26/2025 1:00,7.682
4645,11/26/2025 1:15,7.682
4646,11/26/2025 1:30,7.682
4647,11/26/2025 1:45,7.682
4648,11/26/2025 2:00,7.682
4649,11/26/2025 2:15,7.682
4650,11/26/2025 2:30,7.782
4651,11/26/2025 2:45,7.782
4652,11/26/2025 3:00,7.782
4653,11/26/2025 3:15,7.782
4654,11/26/2025 3:30,7.782
4655,11/26/2025 3:45,7.782
4656,11/26/2025 4:00,7.782
4657,11/26/2025 4:15,7.782
4658,11/26/2025 4:30,7.882
4659,11/26/2025 4:45,7.882
4660,11/26/2025 5:00,7.882
4661,11/26/2025 5:15,7.882
4662,11/26/2025 5:30,7.882
4663,11/26/2025 5:45,7.882
4664,11/26/2025 6:00,7.882
4665,11/26/2025 6:15,7.882
4666,11/26/2025 6:30,7.882
4667,11/26/2025 6:45,7.882
4668,11/26/2025 7:00,7.882
4669,11/26/2025 7:15,7.882
4670,11/26/2025 7:30,7.882
4671,11/26/2025 7:45,7.882
4672,11/26/2025 8:00,7.882
4673,11/26/2025 8:15,7.983
4674,11/26/2025 8:30,7.983
4675,11/26/2025 8:45,7.983
4676,11/26/2025 9:00,7.983
4677,11/26/2025 9:15,8.082
4678,11/26/2025 9:30,8.082
4679,11/26/2025 9:45,8.082
4680,11/26/2025 10:00,8.182
4681,11/26/2025 10:15,8.182
4682,11/26/2025 10:30,8.282
4683,11/26/2025 10:45,8.282
4684,11/26/2025 11:00,8.382
4685,11/26/2025 11:15,8.382
4686,11/26/2025 11:30,8.481
4687,11/26/2025 11:45,8.581
4688,11/26/2025 12:00,8.481
4689,11/26/2025 12:15,8.481
4690,11/26/2025 12:30,8.581
4691,11/26/2025 12:45,8.68
4692,11/26/2025 13:00,8.779
4693,11/26/2025 13:15,8.879
4694,11/26/2025 13:30,8.879
4695,11/26/2025 13:45,9.077
4696,11/26/2025 14:00,9.275
4697,11/26/2025 14:15,9.176
4698,11/26/2025 14:30,9.176
4699,11/26/2025 14:45,9.077
4700,11/26/2025 15:00,9.176
4701,11/26/2025 15:15,9.077
4702,11/26/2025 15:30,9.077
4703,11/26/2025 15:45,9.176
4704,11/26/2025 16:00,9.077
4705,11/26/2025 16:15,9.176
4706,11/26/2025 16:30,9.275
4707,11/26/2025 16:45,9.275
4708,11/26/2025 17:00,9.275
4709,11/26/2025 17:15,9.275
4710,11/26/2025 17:30,9.275
4711,11/26/2025 17:45,9.176
4712,11/26/2025 18:00,9.176
4713,11/26/2025 18:15,9.176
4714,11/26/2025 18:30,9.176
4715,11/26/2025 18:45,9.176
4716,11/26/2025 19:00,9.077
4717,11/26/2025 19:15,9.077
4718,11/26/2025 19:30,8.978
4719,11/26/2025 19:45,8.879
4720,11/26/2025 20:00,8.879
4721,11/26/2025 20:15,8.779
4722,11/26/2025 20:30,8.68
4723,11/26/2025 20:45,8.581
4724,11/26/2025 21:00,8.481
4725,11/26/2025 21:15,8.382
4726,11/26/2025 21:30,8.382
4727,11/26/2025 21:45,8.282
4728,11/26/2025 22:00,8.282
4729,11/26/2025 22:15,8.182
4730,11/26/2025 22:30,8.082
4731,11/26/2025 22:45,8.082
4732,11/26/2025 23:00,7.983
4733,11/26/2025 23:15,7.882
4734,11/26/2025 23:30,7.882
4735,11/26/2025 23:45,7.782
4736,11/27/2025 0:00,7.782
4737,11/27/2025 0:15,7.782
4738,11/27/2025 0:30,7.682
4739,11/27/2025 0:45,7.682
4740,11/27/2025 1:00,7.582
4741,11/27/2025 1:15,7.682
4742,11/27/2025 1:30,7.582
4743,11/27/2025 1:45,7.582
4744,11/27/2025 2:00,7.582
4745,11/27/2025 2:15,7.481
4746,11/27/2025 2:30,7.481
4747,11/27/2025 2:45,7.481
4748,11/27/2025 3:00,7.481
4749,11/27/2025 3:15,7.381
4750,11/27/2025 3:30,7.381
4751,11/27/2025 3:45,7.381
4752,11/27/2025 4:00,7.28
4753,11/27/2025 4:15,7.28
4754,11/27/2025 4:30,7.28
4755,11/27/2025 4:45,7.179
4756,11/27/2025 5:00,7.179
4757,11/27/2025 5:15,7.179
4758,11/27/2025 5:30,7.179
4759,11/27/2025 5:45,7.179
4760,11/27/2025 6:00,7.079
4761,11/27/2025 6:15,7.079
4762,11/27/2025 6:30,6.978
4763,11/27/2025 6:45,6.978
4764,11/27/2025 7:00,6.978
4765,11/27/2025 7:15,6.978
4766,11/27/2025 7:30,6.978
4767,11/27/2025 7:45,6.877
4768,11/27/2025 8:00,6.877
4769,11/27/2025 8:15,6.877
4770,11/27/2025 8:30,6.877
4771,11/27/2025 8:45,6.877
4772,11/27/2025 9:00,6.877
4773,11/27/2025 9:15,6.775
4774,11/27/2025 9:30,6.877
4775,11/27/2025 9:45,6.877
4776,11/27/2025 10:00,6.877
4777,11/27/2025 10:15,6.978
4778,11/27/2025 10:30,6.978
4779,11/27/2025 10:45,6.978
4780,11/27/2025 11:00,6.978
4781,11/27/2025 11:15,7.079
4782,11/27/2025 11:30,7.079
4783,11/27/2025 11:45,6.978
4784,11/27/2025 12:00,7.179
4785,11/27/2025 12:15,7.179
4786,11/27/2025 12:30,7.079
4787,11/27/2025 12:45,7.079
4788,11/27/2025 13:00,7.28
4789,11/27/2025 13:15,7.28
4790,11/27/2025 13:30,7.079
4791,11/27/2025 13:45,6.978
4792,11/27/2025 14:00,6.978
4793,11/27/2025 14:15,7.079
4794,11/27/2025 14:30,6.978
4795,11/27/2025 14:45,6.978
4796,11/27/2025 15:00,6.978
4797,11/27/2025 15:15,6.978
4798,11/27/2025 15:30,6.978
4799,11/27/2025 15:45,6.877
4800,11/27/2025 16:00,6.877
4801,11/27/2025 16:15,6.775
4802,11/27/2025 16:30,6.877
4803,11/27/2025 16:45,6.775
4804,11/27/2025 17:00,6.775
4805,11/27/2025 17:15,6.674
4806,11/27/2025 17:30,6.674
4807,11/27/2025 17:45,6.674
4808,11/27/2025 18:00,6.674
4809,11/27/2025 18:15,6.573
4810,11/27/2025 18:30,6.573
4811,11/27/2025 18:45,6.573
4812,11/27/2025 19:00,6.573
4813,11/27/2025 19:15,6.471
4814,11/27/2025 19:30,6.471
4815,11/27/2025 19:45,6.37
4816,11/27/2025 20:00,6.37
4817,11/27/2025 20:15,6.37
4818,11/27/2025 20:30,6.37
4819,11/27/2025 20:45,6.268
4820,11/27/2025 21:00,6.268
4821,11/27/2025 21:15,6.268
4822,11/27/2025 21:30,6.268
4823,11/27/2025 21:45,6.268
4824,11/27/2025 22:00,6.166
4825,11/27/2025 22:15,6.166
4826,11/27/2025 22:30,6.166
4827,11/27/2025 22:45,6.166
4828,11/27/2025 23:00,6.166
4829,11/27/2025 23:15,6.064
4830,11/27/2025 23:30,6.064
4831,11/27/2025 23:45,6.064
4832,11/28/2025 0:00,6.064
4833,11/28/2025 0:15,5.962
4834,11/28/2025 0:30,5.962
4835,11/28/2025 0:45,5.962
4836,11/28/2025 1:00,5.962
4837,11/28/2025 1:15,5.962
4838,11/28/2025 1:30,5.962
4839,11/28/2025 1:45,5.962
4840,11/28/2025 2:00,5.962
4841,11/28/2025 2:15,5.86
4842,11/28/2025 2:30,5.86
4843,11/28/2025 2:45,5.86
4844,11/28/2025 3:00,5.86
4845,11/28/2025 3:15,5.86
4846,11/28/2025 3:30,5.86
4847,11/28/2025 3:45,5.757
4848,11/28/2025 4:00,5.757
4849,11/28/2025 4:15,5.655
4850,11/28/2025 4:30,5.655
4851,11/28/2025 4:45,5.655
4852,11/28/2025 5:00,5.655
4853,11/28/2025 5:15,5.655
4854,11/28/2025 5:30,5.655
4855,11/28/2025 5:45,5.552
4856,11/28/2025 6:00,5.552
4857,11/28/2025 6:15,5.552
4858,11/28/2025 6:30,5.552
4859,11/28/2025 6:45,5.552
4860,11/28/2025 7:00,5.45
4861,11/28/2025 7:15,5.45
4862,11/28/2025 7:30,5.45
4863,11/28/2025 7:45,5.347
4864,11/28/2025 8:00,5.347
4865,11/28/2025 8:15,5.347
4866,11/28/2025 8:30,5.347
4867,11/28/2025 8:45,5.244
4868,11/28/2025 9:00,5.244
4869,11/28/2025 9:15,5.347
4870,11/28/2025 9:30,5.244
4871,11/28/2025 9:45,5.244
4872,11/28/2025 10:00,5.244
4873,11/28/2025 10:15,5.347
4874,11/28/2025 10:30,5.347
4875,11/28/2025 10:45,5.347
4876,11/28/2025 11:00,5.45
4877,11/28/2025 11:15,5.45
4878,11/28/2025 11:30,5.45
4879,11/28/2025 11:45,5.45
4880,11/28/2025 12:00,5.552
4881,11/28/2025 12:15,5.655
4882,11/28/2025 12:30,5.655
4883,11/28/2025 12:45,5.86
4884,11/28/2025 13:00,5.86
4885,11/28/2025 13:15,5.655
4886,11/28/2025 13:30,5.757
4887,11/28/2025 13:45,5.962
4888,11/28/2025 14:00,5.757
4889,11/28/2025 14:15,5.86
4890,11/28/2025 14:30,6.064
4891,11/28/2025 14:45,5.757
4892,11/28/2025 15:00,5.655
4893,11/28/2025 15:15,5.552
4894,11/28/2025 15:30,5.552
4895,11/28/2025 15:45,5.655
4896,11/28/2025 16:00,5.45
4897,11/28/2025 16:15,5.45
4898,11/28/2025 16:30,5.45
4899,11/28/2025 16:45,5.347
4900,11/28/2025 17:00,5.347
4901,11/28/2025 17:15,5.347
4902,11/28/2025 17:30,5.244
4903,11/28/2025 17:45,5.244
4904,11/28/2025 18:00,5.244
4905,11/28/2025 18:15,5.141
4906,11/28/2025 18:30,5.141
4907,11/28/2025 18:45,5.141
4908,11/28/2025 19:00,5.141
4909,11/28/2025 19:15,5.141
4910,11/28/2025 19:30,5.037
4911,11/28/2025 19:45,5.037
4912,11/28/2025 20:00,5.037
4913,11/28/2025 20:15,5.037
4914,11/28/2025 20:30,4.934
4915,11/28/2025 20:45,4.934
4916,11/28/2025 21:00,4.934
4917,11/28/2025 21:15,4.934
4918,11/28/2025 21:30,4.831
4919,11/28/2025 21:45,4.831
4920,11/28/2025 22:00,4.831
4921,11/28/2025 22:15,4.831
4922,11/28/2025 22:30,4.831
4923,11/28/2025 22:45,4.831
4924,11/28/2025 23:00,4.831
4925,11/28/2025 23:15,4.727
4926,11/28/2025 23:30,4.727
4927,11/28/2025 23:45,4.727
4928,11/29/2025 0:00,4.727
4929,11/29/2025 0:15,4.727
4930,11/29/2025 0:30,4.727
4931,11/29/2025 0:45,4.623
4932,11/29/2025 1:00,4.727
4933,11/29/2025 1:15,4.623
4934,11/29/2025 1:30,4.623
4935,11/29/2025 1:45,4.727
4936,11/29/2025 2:00,4.623
4937,11/29/2025 2:15,4.623
4938,11/29/2025 2:30,4.623
4939,11/29/2025 2:45,4.623
4940,11/29/2025 3:00,4.623
4941,11/29/2025 3:15,4.623
4942,11/29/2025 3:30,4.519
4943,11/29/2025 3:45,4.519
4944,11/29/2025 4:00,4.415
4945,11/29/2025 4:15,4.415
4946,11/29/2025 4:30,4.415
4947,11/29/2025 4:45,4.415
4948,11/29/2025 5:00,4.415
4949,11/29/2025 5:15,4.415
4950,11/29/2025 5:30,4.415
4951,11/29/2025 5:45,4.311
4952,11/29/2025 6:00,4.311
4953,11/29/2025 6:15,4.311
4954,11/29/2025 6:30,4.311
4955,11/29/2025 6:45,4.311
4956,11/29/2025 7:00,4.311
4957,11/29/2025 7:15,4.311
4958,11/29/2025 7:30,4.207
4959,11/29/2025 7:45,4.207
4960,11/29/2025 8:00,4.102
4961,11/29/2025 8:15,4.102
4962,11/29/2025 8:30,4.102
4963,11/29/2025 8:45,4.207
4964,11/29/2025 9:00,4.207
4965,11/29/2025 9:15,4.207
4966,11/29/2025 9:30,4.311
4967,11/29/2025 9:45,4.415
4968,11/29/2025 10:00,4.415
4969,11/29/2025 10:15,4.623
4970,11/29/2025 10:30,4.623
4971,11/29/2025 10:45,4.519
4972,11/29/2025 11:00,4.311
4973,11/29/2025 11:15,4.415
4974,11/29/2025 11:30,4.519
4975,11/29/2025 11:45,4.519
4976,11/29/2025 12:00,4.727
4977,11/29/2025 12:15,4.831
4978,11/29/2025 12:30,4.934
4979,11/29/2025 12:45,4.831
4980,11/29/2025 13:00,4.831
4981,11/29/2025 13:15,5.347
4982,11/29/2025 13:30,5.347
4983,11/29/2025 13:45,5.552
4984,11/29/2025 14:00,5.655
4985,11/29/2025 14:15,5.45
4986,11/29/2025 14:30,5.45
4987,11/29/2025 14:45,5.347
4988,11/29/2025 15:00,5.244
4989,11/29/2025 15:15,5.141
4990,11/29/2025 15:30,5.037
4991,11/29/2025 15:45,5.037
4992,11/29/2025 16:00,5.037
4993,11/29/2025 16:15,5.037
4994,11/29/2025 16:30,5.037
4995,11/29/2025 16:45,5.037
4996,11/29/2025 17:00,5.037
4997,11/29/2025 17:15,4.934
4998,11/29/2025 17:30,4.934
4999,11/29/2025 17:45,4.934
5000,11/29/2025 18:00,4.934
5001,11/29/2025 18:15,4.934
5002,11/29/2025 18:30,4.831
5003,11/29/2025 18:45,4.831
5004,11/29/2025 19:00,4.831
5005,11/29/2025 19:15,4.831
5006,11/29/2025 19:30,4.831
5007,11/29/2025 19:45,4.831
5008,11/29/2025 20:00,4.831
5009,11/29/2025 20:15,4.727
5010,11/29/2025 20:30,4.727
5011,11/29/2025 20:45,4.727
5012,11/29/2025 21:00,4.727
5013,11/29/2025 21:15,4.727
5014,11/29/2025 21:30,4.727
5015,11/29/2025 21:45,4.727
5016,11/29/2025 22:00,4.727
5017,11/29/2025 22:15,4.727
5018,11/29/2025 22:30,4.727
5019,11/29/2025 22:45,4.727
5020,11/29/2025 23:00,4.727
5021,11/29/2025 23:15,4.727
5022,11/29/2025 23:30,4.727
5023,11/29/2025 23:45,4.727
5024,11/30/2025 0:00,4.727
5025,11/30/2025 0:15,4.727
5026,11/30/2025 0:30,4.727
5027,11/30/2025 0:45,4.727
5028,11/30/2025 1:00,4.727
5029,11/30/2025 1:15,4.727
5030,11/30/2025 1:30,4.727
5031,11/30/2025 1:45,4.727
5032,11/30/2025 2:00,4.727
5033,11/30/2025 2:15,4.727
5034,11/30/2025 2:30,4.727
5035,11/30/2025 2:45,4.727
5036,11/30/2025 3:00,4.727
5037,11/30/2025 3:15,4.727
5038,11/30/2025 3:30,4.727
5039,11/30/2025 3:45,4.727
5040,11/30/2025 4:00,4.727
5041,11/30/2025 4:15,4.727
5042,11/30/2025 4:30,4.727
5043,11/30/2025 4:45,4.727
5044,11/30/2025 5:00,4.727
5045,11/30/2025 5:15,4.727
5046,11/30/2025 5:30,4.727
5047,11/30/2025 5:45,4.727
5048,11/30/2025 6:00,4.727
5049,11/30/2025 6:15,4.727
5050,11/30/2025 6:30,4.727
5051,11/30/2025 6:45,4.727
5052,11/30/2025 7:00,4.727
5053,11/30/2025 7:15,4.727
5054,11/30/2025 7:30,4.727
5055,11/30/2025 7:45,4.623
5056,11/30/2025 8:00,4.623
5057,11/30/2025 8:15,4.623
5058,11/30/2025 8:30,4.623
5059,11/30/2025 8:45,4.623
5060,11/30/2025 9:00,4.623
5061,11/30/2025 9:15,4.623
5062,11/30/2025 9:30,4.623
5063,11/30/2025 9:45,4.623
5064,11/30/2025 10:00,4.623
5065,11/30/2025 10:15,4.623
5066,11/30/2025 10:30,4.623
5067,11/30/2025 10:45,4.623
5068,11/30/2025 11:00,4.623
5069,11/30/2025 11:15,4.623
5070,11/30/2025 11:30,4.623
5071,11/30/2025 11:45,4.727
5072,11/30/2025 12:00,4.727
5073,11/30/2025 12:15,4.727
5074,11/30/2025 12:30,4.727
5075,11/30/2025 12:45,4.727
5076,11/30/2025 13:00,4.727
5077,11/30/2025 13:15,4.831
5078,11/30/2025 13:30,4.831
5079,11/30/2025 13:45,4.831
5080,11/30/2025 14:00,4.934
5081,11/30/2025 14:15,4.831
5082,11/30/2025 14:30,4.831
5083,11/30/2025 14:45,4.831
5084,11/30/2025 15:00,4.934
5085,11/30/2025 15:15,4.934
5086,11/30/2025 15:30,4.934
5087,11/30/2025 15:45,4.934
5088,11/30/2025 16:00,5.037
5089,11/30/2025 16:15,5.037
5090,11/30/2025 16:30,4.934
5091,11/30/2025 16:45,4.934
5092,11/30/2025 17:00,4.934
5093,11/30/2025 17:15,4.934
5094,11/30/2025 17:30,4.934
5095,11/30/2025 17:45,4.934
5096,11/30/2025 18:00,4.934
5097,11/30/2025 18:15,4.934
5098,11/30/2025 18:30,4.934
5099,11/30/2025 18:45,4.934
5100,11/30/2025 19:00,4.934
5101,11/30/2025 19:15,4.934
5102,11/30/2025 19:30,4.831
5103,11/30/2025 19:45,4.831
5104,11/30/2025 20:00,4.831
5105,11/30/2025 20:15,4.727
5106,11/30/2025 20:30,4.727
5107,11/30/2025 20:45,4.727
5108,11/30/2025 21:00,4.831
5109,11/30/2025 21:15,4.831
5110,11/30/2025 21:30,4.727
5111,11/30/2025 21:45,4.727
5112,11/30/2025 22:00,4.727
5113,11/30/2025 22:15,4.727
5114,11/30/2025 22:30,4.727
5115,11/30/2025 22:45,4.727
5116,11/30/2025 23:00,4.727
5117,11/30/2025 23:15,4.727
5118,11/30/2025 23:30,4.727
5119,11/30/2025 23:45,4.727
5120,12/1/2025 0:00,4.623
5121,12/1/2025 0:15,4.623
5122,12/1/2025 0:30,4.623
5123,12/1/2025 0:45,4.623
5124,12/1/2025 1:00,4.623
5125,12/1/2025 1:15,4.623
5126,12/1/2025 1:30,4.623
5127,12/1/2025 1:45,4.623
5128,12/1/2025 2:00,4.623
5129,12/1/2025 2:15,4.623
5130,12/1/2025 2:30,4.623
5131,12/1/2025 2:45,4.623
5132,12/1/2025 3:00,4.623
5133,12/1/2025 3:15,4.623
5134,12/1/2025 3:30,4.623
5135,12/1/2025 3:45,4.623
5136,12/1/2025 4:00,4.623
5137,12/1/2025 4:15,4.623
5138,12/1/2025 4:30,4.519
5139,12/1/2025 4:45,4.519
5140,12/1/2025 5:00,4.519
5141,12/1/2025 5:15,4.519
5142,12/1/2025 5:30,4.519
5143,12/1/2025 5:45,4.623
5144,12/1/2025 6:00,4.623
5145,12/1/2025 6:15,4.623
5146,12/1/2025 6:30,4.519
5147,12/1/2025 6:45,4.519
5148,12/1/2025 7:00,4.519
5149,12/1/2025 7:15,4.519
5150,12/1/2025 7:30,4.519
5151,12/1/2025 7:45,4.519
5152,12/1/2025 8:00,4.519
5153,12/1/2025 8:15,4.519
5154,12/1/2025 8:30,4.519
5155,12/1/2025 8:45,4.519
5156,12/1/2025 9:00,4.519
5157,12/1/2025 9:15,4.519
5158,12/1/2025 9:30,4.623
5159,12/1/2025 9:45,4.623
5160,12/1/2025 10:00,4.519
5161,12/1/2025 10:15,4.623
5162,12/1/2025 10:30,4.727
5163,12/1/2025 10:45,4.623
5164,12/1/2025 11:00,4.519
5165,12/1/2025 11:15,4.519
5166,12/1/2025 11:30,4.623
5167,12/1/2025 11:45,4.519
5168,12/1/2025 12:00,4.519
5169,12/1/2025 12:15,4.623
5170,12/1/2025 12:30,4.727
5171,12/1/2025 12:45,4.934
5172,12/1/2025 13:00,5.037
5173,12/1/2025 13:15,5.347
5174,12/1/2025 13:30,5.037
5175,12/1/2025 13:45,5.141
5176,12/1/2025 14:00,5.347
5177,12/1/2025 14:15,5.141
5178,12/1/2025 14:30,5.141
5179,12/1/2025 14:45,5.037
5180,12/1/2025 15:00,5.141
5181,12/1/2025 15:15,5.141
5182,12/1/2025 15:30,5.141
5183,12/1/2025 15:45,5.037
5184,12/1/2025 16:00,5.037
5185,12/1/2025 16:15,5.037
5186,12/1/2025 16:30,5.037
5187,12/1/2025 16:45,5.037
5188,12/1/2025 17:00,4.934
5189,12/1/2025 17:15,4.934
5190,12/1/2025 17:30,4.934
5191,12/1/2025 17:45,4.934
5192,12/1/2025 18:00,4.934
5193,12/1/2025 18:15,4.831
5194,12/1/2025 18:30,4.831
5195,12/1/2025 18:45,4.831
5196,12/1/2025 19:00,4.727
5197,12/1/2025 19:15,4.727
5198,12/1/2025 19:30,4.623
5199,12/1/2025 19:45,4.623
5200,12/1/2025 20:00,4.623
5201,12/1/2025 20:15,4.519
5202,12/1/2025 20:30,4.519
5203,12/1/2025 20:45,4.519
5204,12/1/2025 21:00,4.415
5205,12/1/2025 21:15,4.415
5206,12/1/2025 21:30,4.415
5207,12/1/2025 21:45,4.415
5208,12/1/2025 22:00,4.311
5209,12/1/2025 22:15,4.311
5210,12/1/2025 22:30,4.311
5211,12/1/2025 22:45,4.311
5212,12/1/2025 23:00,4.311
5213,12/1/2025 23:15,4.311
5214,12/1/2025 23:30,4.311
5215,12/1/2025 23:45,4.311
5216,12/2/2025 0:00,4.311
5217,12/2/2025 0:15,4.311
5218,12/2/2025 0:30,4.311
5219,12/2/2025 0:45,4.415
5220,12/2/2025 1:00,4.415
5221,12/2/2025 1:15,4.415
5222,12/2/2025 1:30,4.415
5223,12/2/2025 1:45,4.415
5224,12/2/2025 2:00,4.415
5225,12/2/2025 2:15,4.415
5226,12/2/2025 2:30,4.415
5227,12/2/2025 2:45,4.415
5228,12/2/2025 3:00,4.415
5229,12/2/2025 3:15,4.415
5230,12/2/2025 3:30,4.311
5231,12/2/2025 3:45,4.311
5232,12/2/2025 4:00,4.311
5233,12/2/2025 4:15,4.311
5234,12/2/2025 4:30,4.311
5235,12/2/2025 4:45,4.311
5236,12/2/2025 5:00,4.311
5237,12/2/2025 5:15,4.415
5238,12/2/2025 5:30,4.415
5239,12/2/2025 5:45,4.415
5240,12/2/2025 6:00,4.415
5241,12/2/2025 6:15,4.415
5242,12/2/2025 6:30,4.415
5243,12/2/2025 6:45,4.415
5244,12/2/2025 7:00,4.415
5245,12/2/2025 7:15,4.415
5246,12/2/2025 7:30,4.415
5247,12/2/2025 7:45,4.207
5248,12/2/2025 8:00,4.102
5249,12/2/2025 8:15,4.102
5250,12/2/2025 8:30,4.102
5251,12/2/2025 8:45,3.998
5252,12/2/2025 9:00,3.893
5253,12/2/2025 9:15,3.788
5254,12/2/2025 9:30,3.578
5255,12/2/2025 9:45,3.683
5256,12/2/2025 10:00,3.683
5257,12/2/2025 10:15,3.472
5258,12/2/2025 10:30,3.578
5259,12/2/2025 10:45,3.578
5260,12/2/2025 11:00,3.683
5261,12/2/2025 11:15,3.788
5262,12/2/2025 11:30,3.788
5263,12/2/2025 11:45,3.893
5264,12/2/2025 12:00,4.102
5265,12/2/2025 12:15,4.207
5266,12/2/2025 12:30,4.207
5267,12/2/2025 12:45,3.998
5268,12/2/2025 13:00,4.207
5269,12/2/2025 13:15,4.311
5270,12/2/2025 13:30,4.311
5271,12/2/2025 13:45,4.311
5272,12/2/2025 14:00,4.311
5273,12/2/2025 14:15,4.311
5274,12/2/2025 14:30,4.415
5275,12/2/2025 14:45,4.519
5276,12/2/2025 15:00,4.415
5277,12/2/2025 15:15,4.519
5278,12/2/2025 15:30,4.415
5279,12/2/2025 15:45,4.415
5280,12/2/2025 16:00,4.415
5281,12/2/2025 16:15,4.519
5282,12/2/2025 16:30,4.415
5283,12/2/2025 16:45,4.415
5284,12/2/2025 17:00,4.415
5285,12/2/2025 17:15,4.415
5286,12/2/2025 17:30,4.311
5287,12/2/2025 17:45,4.311
5288,12/2/2025 18:00,4.311
5289,12/2/2025 18:15,4.311
5290,12/2/2025 18:30,4.311
5291,12/2/2025 18:45,4.311
5292,12/2/2025 19:00,4.311
5293,12/2/2025 19:15,4.311
5294,12/2/2025 19:30,4.311
5295,12/2/2025 19:45,4.207
5296,12/2/2025 20:00,4.207
5297,12/2/2025 20:15,4.207
5298,12/2/2025 20:30,4.207
5299,12/2/2025 20:45,4.207
5300,12/2/2025 21:00,4.207
5301,12/2/2025 21:15,4.207
5302,12/2/2025 21:30,4.207
5303,12/2/2025 21:45,4.207
5304,12/2/2025 22:00,4.207
5305,12/2/2025 22:15,4.102
5306,12/2/2025 22:30,4.102
5307,12/2/2025 22:45,4.102
5308,12/2/2025 23:00,4.102
5309,12/2/2025 23:15,4.102
5310,12/2/2025 23:30,3.998
5311,12/2/2025 23:45,3.998
5312,12/3/2025 0:00,3.998
5313,12/3/2025 0:15,3.998
5314,12/3/2025 0:30,3.998
5315,12/3/2025 0:45,3.998
5316,12/3/2025 1:00,3.998
5317,12/3/2025 1:15,3.998
5318,12/3/2025 1:30,3.998
5319,12/3/2025 1:45,3.998
5320,12/3/2025 2:00,3.998
5321,12/3/2025 2:15,3.998
5322,12/3/2025 2:30,3.998
5323,12/3/2025 2:45,3.998
5324,12/3/2025 3:00,3.998
5325,12/3/2025 3:15,3.998
5326,12/3/2025 3:30,3.998
5327,12/3/2025 3:45,3.998
5328,12/3/2025 4:00,3.998
5329,12/3/2025 4:15,3.998
5330,12/3/2025 4:30,3.998
5331,12/3/2025 4:45,3.998
5332,12/3/2025 5:00,3.893
5333,12/3/2025 5:15,3.788
5334,12/3/2025 5:30,3.788
5335,12/3/2025 5:45,3.788
5336,12/3/2025 6:00,3.683
5337,12/3/2025 6:15,3.683
5338,12/3/2025 6:30,3.683
5339,12/3/2025 6:45,3.578
5340,12/3/2025 7:00,3.578
5341,12/3/2025 7:15,3.472
5342,12/3/2025 7:30,3.472
5343,12/3/2025 7:45,3.472
5344,12/3/2025 8:00,3.472
5345,12/3/2025 8:15,3.472
5346,12/3/2025 8:30,3.472
5347,12/3/2025 8:45,3.578
5348,12/3/2025 9:00,3.578
5349,12/3/2025 9:15,3.683
5350,12/3/2025 9:30,3.683
5351,12/3/2025 9:45,3.683
5352,12/3/2025 10:00,3.788
5353,12/3/2025 10:15,3.893
5354,12/3/2025 10:30,3.998
5355,12/3/2025 10:45,4.102
5356,12/3/2025 11:00,4.311
5357,12/3/2025 11:15,4.311
5358,12/3/2025 11:30,4.415
5359,12/3/2025 11:45,4.415
5360,12/3/2025 12:00,4.415
5361,12/3/2025 12:15,4.519
5362,12/3/2025 12:30,4.623
5363,12/3/2025 12:45,4.727
5364,12/3/2025 13:00,4.934
5365,12/3/2025 13:15,5.244
5366,12/3/2025 13:30,5.141
5367,12/3/2025 13:45,5.037
5368,12/3/2025 14:00,5.037
5369,12/3/2025 14:15,4.934
5370,12/3/2025 14:30,5.037
5371,12/3/2025 14:45,4.831
5385,12/3/2025 18:15,3.893
5386,12/3/2025 18:30,3.578
5387,12/3/2025 18:45,3.683
5388,12/3/2025 19:00,2.943
5389,12/3/2025 19:15,2.837
5390,12/3/2025 19:30,3.049
5391,12/3/2025 19:45,3.261
5392,12/3/2025 20:00,2.624
5393,12/3/2025 20:15,2.837
5394,12/3/2025 20:30,3.261
5395,12/3/2025 20:45,2.517
5396,12/3/2025 21:00,2.624
5397,12/3/2025 21:15,2.837
5398,12/3/2025 21:30,2.73
5399,12/3/2025 21:45,2.41
5400,12/3/2025 22:00,2.624
5401,12/3/2025 22:15,3.155
5402,12/3/2025 22:30,2.517
5403,12/3/2025 22:45,2.517
5404,12/3/2025 23:00,2.837
5405,12/3/2025 23:15,3.049
5406,12/3/2025 23:30,2.41
5407,12/3/2025 23:45,2.517
5408,12/4/2025 0:00,2.943
5409,12/4/2025 0:15,2.624
5410,12/4/2025 0:30,2.41
5411,12/4/2025 0:45,2.624
5412,12/4/2025 1:00,3.155
5413,12/4/2025 1:15,2.41
5417,12/4/2025 2:15,3.893
5418,12/4/2025 2:30,3.683
5419,12/4/2025 2:45,3.788
5420,12/4/2025 3:00,2.837
5421,12/4/2025 3:15,2.837
5422,12/4/2025 3:30,3.049
5423,12/4/2025 3:45,2.837
5424,12/4/2025 4:00,2.624
5425,12/4/2025 4:15,2.73
5426,12/4/2025 4:30,3.155
5427,12/4/2025 4:45,2.41
5428,12/4/2025 5:00,2.517
5429,12/4/2025 5:15,2.837
5430,12/4/2025 5:30,3.049
5431,12/4/2025 5:45,2.517
5432,12/4/2025 6:00,2.73
5433,12/4/2025 6:15,3.049
5434,12/4/2025 6:30,2.517
5435,12/4/2025 6:45,2.517
5436,12/4/2025 7:00,2.837
5437,12/4/2025 7:15,2.624
5438,12/4/2025 7:30,2.41
5439,12/4/2025 7:45,2.624
5440,12/4/2025 8:00,3.049
5441,12/4/2025 8:15,2.517
5442,12/4/2025 8:30,2.517
5443,12/4/2025 8:45,2.837
5444,12/4/2025 9:00,2.943
5445,12/4/2025 9:15,2.517
5446,12/4/2025 9:30,2.624
5447,12/4/2025 9:45,3.049
5448,12/4/2025 10:00,2.517
5449,12/4/2025 10:15,2.517
5450,12/4/2025 10:30,2.73
5451,12/4/2025 10:45,3.049
5452,12/4/2025 11:00,2.517
5453,12/4/2025 11:15,2.624
5454,12/4/2025 11:30,2.943
5455,12/4/2025 11:45,2.517
5456,12/4/2025 12:00,2.517
5457,12/4/2025 12:15,2.73
5458,12/4/2025 12:30,2.943
5459,12/4/2025 12:45,2.41
